Product_Name;Color;Ton_Kho;Gia_Niem_Yet;Gia_Khuyen_Mai;Date;Khuyen_Mai;Thanh_Toan;Other_promotion;Link;screenshot_name
iPhone Air 256GB;Xanh Da Trời;Yes;31990000;30890000;2025-11-23;"Khuyến mãi 1

Giảm ngay 1,100,000đ áp dụng đến 24/11

AirPods giảm đến 500,000đ khi mua kèm iPhone 


Tặng Pin sạc dự phòng Magsafe áp dụng đến 30/11

Trả góp 0%

Khuyến mãi 2

Tặng phiếu mua hàng 1,000,000đ để mua Combo phụ kiện 


AirPods giảm đến 500,000đ khi mua kèm iPhone 


Trả góp 0%";"Khuyến mãi thanh toán

Xem tất cả

Giảm ngay 500,000đ qua VNPAY khi mua iPhone 17 series và iPhone Air 

HSD: 31/12/2025";"Quà tặng và ưu đãi khác

Tặng Phiếu mua hàng 500,000đ mua Bảo hành trọn đời khi mua trả góp qua FE CREDIT (áp dụng 0.99% lãi suất – Kỳ hạn 12 tháng) 

Tặng phiếu mua hàng 200,000đ mua Tivi Samsung 

Tặng Phiếu mua hàng 500,000đ mua Combo Chuẩn/Combo iFan khi mua trả góp qua FE CREDIT (áp dụng 0.99% lãi suất – Kỳ hạn 12 tháng) 

Xem thêm 4 ưu đãi khác";https://fptshop.com.vn/dien-thoai/iphone-air;iPhone_Air_256GB_2025-11-23_15-09-37.png
iPhone 17 256GB;Xanh Lam Khói;Yes;24990000;24990000;2025-11-23;"Khuyến mãi được hưởng

Tặng phiếu mua hàng 800,000đ để mua Combo phụ kiện 


AirPods giảm đến 500,000đ khi mua kèm iPhone 


Trả góp 0%";"Khuyến mãi thanh toán

Xem tất cả

Giảm ngay 500,000đ qua VNPAY khi mua iPhone 17 series và iPhone Air 

HSD: 31/12/2025";"Quà tặng và ưu đãi khác

Tặng Phiếu mua hàng 500,000đ mua Bảo hành trọn đời khi mua trả góp qua FE CREDIT (áp dụng 0.99% lãi suất – Kỳ hạn 12 tháng) 

Tặng phiếu mua hàng 200,000đ mua Tivi Samsung 

Tặng Phiếu mua hàng 500,000đ mua Combo Chuẩn/Combo iFan khi mua trả góp qua FE CREDIT (áp dụng 0.99% lãi suất – Kỳ hạn 12 tháng) 

Xem thêm 3 ưu đãi khác";https://fptshop.com.vn/dien-thoai/iphone-17;iPhone_17_256GB_2025-11-23_15-09-38.png
iPhone 17 Pro 256GB;Cam Vũ Trụ;Yes;34990000;34990000;2025-11-23;"Khuyến mãi được hưởng

AirPods giảm đến 500,000đ khi mua kèm iPhone 


Trả góp 0%";"Khuyến mãi thanh toán

Xem tất cả

Giảm ngay 500,000đ qua VNPAY khi mua iPhone 17 series và iPhone Air 

HSD: 31/12/2025";"Quà tặng và ưu đãi khác

Tặng Phiếu mua hàng 500,000đ mua Bảo hành trọn đời khi mua trả góp qua FE CREDIT (áp dụng 0.99% lãi suất – Kỳ hạn 12 tháng) 

Tặng phiếu mua hàng 200,000đ mua Tivi Samsung 

Tặng Phiếu mua hàng 500,000đ mua Combo Chuẩn/Combo iFan khi mua trả góp qua FE CREDIT (áp dụng 0.99% lãi suất – Kỳ hạn 12 tháng) 

Xem thêm 3 ưu đãi khác";https://fptshop.com.vn/dien-thoai/iphone-17-pro;iPhone_17_Pro_256GB_2025-11-23_15-09-39.png
iPhone 17 Pro Max 256GB;Xanh Đậm;Yes;37990000;37990000;2025-11-23;"Khuyến mãi được hưởng

AirPods giảm đến 500,000đ khi mua kèm iPhone 


Trả góp 0%";"Khuyến mãi thanh toán

Xem tất cả

Giảm ngay 500,000đ qua VNPAY khi mua iPhone 17 series và iPhone Air 

HSD: 31/12/2025";"Quà tặng và ưu đãi khác

Tặng Phiếu mua hàng 500,000đ mua Bảo hành trọn đời khi mua trả góp qua FE CREDIT (áp dụng 0.99% lãi suất – Kỳ hạn 12 tháng) 

Tặng phiếu mua hàng 200,000đ mua Tivi Samsung 

Tặng Phiếu mua hàng 500,000đ mua Combo Chuẩn/Combo iFan khi mua trả góp qua FE CREDIT (áp dụng 0.99% lãi suất – Kỳ hạn 12 tháng) 

Xem thêm 3 ưu đãi khác";https://fptshop.com.vn/dien-thoai/iphone-17-pro-max;iPhone_17_Pro_Max_256GB_2025-11-23_15-09-40.png
iPhone Air 512GB;Xanh Da Trời;No;38490000;35990000;2025-11-23;"Khuyến mãi 1

Giảm ngay 2,500,000đ áp dụng đến 24/11

AirPods giảm đến 500,000đ khi mua kèm iPhone 


Tặng Pin sạc dự phòng Magsafe áp dụng đến 30/11

Trả góp 0%

Khuyến mãi 2

Tặng phiếu mua hàng 1,000,000đ để mua Combo phụ kiện 


AirPods giảm đến 500,000đ khi mua kèm iPhone 


Trả góp 0%";"Khuyến mãi thanh toán

Xem tất cả

Giảm ngay 500,000đ qua VNPAY khi mua iPhone 17 series và iPhone Air 

HSD: 31/12/2025";"Quà tặng và ưu đãi khác

Tặng Phiếu mua hàng 500,000đ mua Bảo hành trọn đời khi mua trả góp qua FE CREDIT (áp dụng 0.99% lãi suất – Kỳ hạn 12 tháng) 

Tặng phiếu mua hàng 200,000đ mua Tivi Samsung 

Tặng Phiếu mua hàng 500,000đ mua Combo Chuẩn/Combo iFan khi mua trả góp qua FE CREDIT (áp dụng 0.99% lãi suất – Kỳ hạn 12 tháng) 

Xem thêm 4 ưu đãi khác";https://fptshop.com.vn/dien-thoai/iphone-air;iPhone_Air_512GB_2025-11-23_15-09-44.png
iPhone 17 512GB;Đen;No;31490000;31490000;2025-11-23;"Khuyến mãi được hưởng

Tặng phiếu mua hàng 800,000đ để mua Combo phụ kiện 


AirPods giảm đến 500,000đ khi mua kèm iPhone 


Trả góp 0%";"Khuyến mãi thanh toán

Xem tất cả

Giảm ngay 500,000đ qua VNPAY khi mua iPhone 17 series và iPhone Air 

HSD: 31/12/2025";"Quà tặng và ưu đãi khác

Tặng Phiếu mua hàng 500,000đ mua Bảo hành trọn đời khi mua trả góp qua FE CREDIT (áp dụng 0.99% lãi suất – Kỳ hạn 12 tháng) 

Tặng phiếu mua hàng 200,000đ mua Tivi Samsung 

Tặng Phiếu mua hàng 500,000đ mua Combo Chuẩn/Combo iFan khi mua trả góp qua FE CREDIT (áp dụng 0.99% lãi suất – Kỳ hạn 12 tháng) 

Xem thêm 3 ưu đãi khác";https://fptshop.com.vn/dien-thoai/iphone-17;iPhone_17_512GB_2025-11-23_15-09-44.png
iPhone 17 Pro 512GB;Cam Vũ Trụ;Yes;41490000;41490000;2025-11-23;"Khuyến mãi được hưởng

AirPods giảm đến 500,000đ khi mua kèm iPhone 


Trả góp 0%";"Khuyến mãi thanh toán

Xem tất cả

Giảm ngay 500,000đ qua VNPAY khi mua iPhone 17 series và iPhone Air 

HSD: 31/12/2025";"Quà tặng và ưu đãi khác

Tặng Phiếu mua hàng 500,000đ mua Bảo hành trọn đời khi mua trả góp qua FE CREDIT (áp dụng 0.99% lãi suất – Kỳ hạn 12 tháng) 

Tặng phiếu mua hàng 200,000đ mua Tivi Samsung 

Tặng Phiếu mua hàng 500,000đ mua Combo Chuẩn/Combo iFan khi mua trả góp qua FE CREDIT (áp dụng 0.99% lãi suất – Kỳ hạn 12 tháng) 

Xem thêm 3 ưu đãi khác";https://fptshop.com.vn/dien-thoai/iphone-17-pro;iPhone_17_Pro_512GB_2025-11-23_15-09-45.png
iPhone 17 Pro Max 512GB;Cam Vũ Trụ;Yes;44490000;44490000;2025-11-23;"Khuyến mãi được hưởng

AirPods giảm đến 500,000đ khi mua kèm iPhone 


Trả góp 0%";"Khuyến mãi thanh toán

Xem tất cả

Giảm ngay 500,000đ qua VNPAY khi mua iPhone 17 series và iPhone Air 

HSD: 31/12/2025";"Quà tặng và ưu đãi khác

Tặng Phiếu mua hàng 500,000đ mua Bảo hành trọn đời khi mua trả góp qua FE CREDIT (áp dụng 0.99% lãi suất – Kỳ hạn 12 tháng) 

Tặng phiếu mua hàng 200,000đ mua Tivi Samsung 

Tặng Phiếu mua hàng 500,000đ mua Combo Chuẩn/Combo iFan khi mua trả góp qua FE CREDIT (áp dụng 0.99% lãi suất – Kỳ hạn 12 tháng) 

Xem thêm 3 ưu đãi khác";https://fptshop.com.vn/dien-thoai/iphone-17-pro-max;iPhone_17_Pro_Max_512GB_2025-11-23_15-09-45.png
iPhone Air 1TB;Vàng Nhạt;Yes;44990000;41490000;2025-11-23;"Khuyến mãi 1

Giảm ngay 3,500,000đ áp dụng đến 24/11

AirPods giảm đến 500,000đ khi mua kèm iPhone 


Tặng Pin sạc dự phòng Magsafe áp dụng đến 30/11

Trả góp 0%

Khuyến mãi 2

Tặng phiếu mua hàng 1,000,000đ để mua Combo phụ kiện 


AirPods giảm đến 500,000đ khi mua kèm iPhone 


Trả góp 0%";"Khuyến mãi thanh toán

Xem tất cả

Giảm ngay 500,000đ qua VNPAY khi mua iPhone 17 series và iPhone Air 

HSD: 31/12/2025";"Quà tặng và ưu đãi khác

Tặng Phiếu mua hàng 500,000đ mua Bảo hành trọn đời khi mua trả góp qua FE CREDIT (áp dụng 0.99% lãi suất – Kỳ hạn 12 tháng) 

Tặng phiếu mua hàng 200,000đ mua Tivi Samsung 

Tặng Phiếu mua hàng 500,000đ mua Combo Chuẩn/Combo iFan khi mua trả góp qua FE CREDIT (áp dụng 0.99% lãi suất – Kỳ hạn 12 tháng) 

Xem thêm 4 ưu đãi khác";https://fptshop.com.vn/dien-thoai/iphone-air;iPhone_Air_1TB_2025-11-23_15-09-47.png
iPhone 17 Pro 1TB;Cam Vũ Trụ;Yes;47990000;47990000;2025-11-23;"Khuyến mãi được hưởng

AirPods giảm đến 500,000đ khi mua kèm iPhone 


Trả góp 0%";"Khuyến mãi thanh toán

Xem tất cả

Giảm ngay 500,000đ qua VNPAY khi mua iPhone 17 series và iPhone Air 

HSD: 31/12/2025";"Quà tặng và ưu đãi khác

Tặng Phiếu mua hàng 500,000đ mua Bảo hành trọn đời khi mua trả góp qua FE CREDIT (áp dụng 0.99% lãi suất – Kỳ hạn 12 tháng) 

Tặng phiếu mua hàng 200,000đ mua Tivi Samsung 

Tặng Phiếu mua hàng 500,000đ mua Combo Chuẩn/Combo iFan khi mua trả góp qua FE CREDIT (áp dụng 0.99% lãi suất – Kỳ hạn 12 tháng) 

Xem thêm 3 ưu đãi khác";https://fptshop.com.vn/dien-thoai/iphone-17-pro;iPhone_17_Pro_1TB_2025-11-23_15-09-47.png
iPhone 17 Pro Max 1TB;Cam Vũ Trụ;Yes;50990000;50990000;2025-11-23;"Khuyến mãi được hưởng

AirPods giảm đến 500,000đ khi mua kèm iPhone 


Trả góp 0%";"Khuyến mãi thanh toán

Xem tất cả

Giảm ngay 500,000đ qua VNPAY khi mua iPhone 17 series và iPhone Air 

HSD: 31/12/2025";"Quà tặng và ưu đãi khác

Tặng Phiếu mua hàng 500,000đ mua Bảo hành trọn đời khi mua trả góp qua FE CREDIT (áp dụng 0.99% lãi suất – Kỳ hạn 12 tháng) 

Tặng phiếu mua hàng 200,000đ mua Tivi Samsung 

Tặng Phiếu mua hàng 500,000đ mua Combo Chuẩn/Combo iFan khi mua trả góp qua FE CREDIT (áp dụng 0.99% lãi suất – Kỳ hạn 12 tháng) 

Xem thêm 3 ưu đãi khác";https://fptshop.com.vn/dien-thoai/iphone-17-pro-max;iPhone_17_Pro_Max_1TB_2025-11-23_15-09-48.png
iPhone 17 Pro Max 2TB;Cam Vũ Trụ;Yes;63990000;63990000;2025-11-23;"Khuyến mãi được hưởng

AirPods giảm đến 500,000đ khi mua kèm iPhone 


Trả góp 0%";"Khuyến mãi thanh toán

Xem tất cả

Giảm ngay 500,000đ qua VNPAY khi mua iPhone 17 series và iPhone Air 

HSD: 31/12/2025";"Quà tặng và ưu đãi khác

Tặng Phiếu mua hàng 500,000đ mua Bảo hành trọn đời khi mua trả góp qua FE CREDIT (áp dụng 0.99% lãi suất – Kỳ hạn 12 tháng) 

Tặng phiếu mua hàng 200,000đ mua Tivi Samsung 

Tặng Phiếu mua hàng 500,000đ mua Combo Chuẩn/Combo iFan khi mua trả góp qua FE CREDIT (áp dụng 0.99% lãi suất – Kỳ hạn 12 tháng) 

Xem thêm 3 ưu đãi khác";https://fptshop.com.vn/dien-thoai/iphone-17-pro-max;iPhone_17_Pro_Max_2TB_2025-11-23_15-09-51.png
iPhone 15 128GB;Hồng;Yes;19590000;16990000;2025-11-23;"Khuyến mãi 1

Giảm ngay 2,500,000đ áp dụng đến 24/11

AirPods giảm đến 500,000đ khi mua kèm iPhone 


Giảm thêm đến 2.5 triệu khi mua kèm SIM FPT FVIP150/F299/F399 6-12 tháng 


Trả góp 0%";"Khuyến mãi thanh toán

Xem tất cả

Giảm đến 1,000,000 đồng cho đơn hàng từ 3 triệu khi trả góp qua thẻ Techcombank MasterCard 

HSD: 31/01/2026";"Quà tặng và ưu đãi khác

Tặng phiếu mua hàng 200,000đ mua Tivi Samsung 

Giảm thêm đến 2,000,000đ khi mua MacBook, iPad, Apple Watch 

Tặng phiếu mua hàng 50,000đ khi mua sim FPT kèm máy 


Xem thêm 3 ưu đãi khác";https://fptshop.com.vn/dien-thoai/iphone-15;iPhone_15_128GB_2025-11-23_15-09-53.png
iPhone 16 Pro Max 256GB;Titan Sa Mạc;Yes;34290000;30390000;2025-11-23;"Khuyến mãi 1

Giảm ngay 3,900,000đ áp dụng đến 24/11

AirPods giảm đến 500,000đ khi mua kèm iPhone 


Giảm thêm đến 2.5 triệu khi mua kèm SIM FPT FVIP150/F299/F399 6-12 tháng 


Trả góp 0%";"Khuyến mãi thanh toán

Xem tất cả

Giảm đến 1,000,000 đồng cho đơn hàng từ 3 triệu khi trả góp qua thẻ Techcombank MasterCard 

HSD: 31/01/2026";"Quà tặng và ưu đãi khác

Tặng phiếu mua hàng 200,000đ mua Tivi Samsung 

Giảm thêm đến 2,000,000đ khi mua MacBook, iPad, Apple Watch 

Tặng phiếu mua hàng 50,000đ khi mua sim FPT kèm máy 


Xem thêm 3 ưu đãi khác";https://fptshop.com.vn/dien-thoai/iphone-16-pro-max;iPhone_16_Pro_Max_256GB_2025-11-23_15-09-56.png
iPhone 14 128GB;Xanh dương;Yes;17590000;13390000;2025-11-23;"Khuyến mãi 1

Giảm ngay 3,900,000đ áp dụng đến 24/11

AirPods giảm đến 500,000đ khi mua kèm iPhone 


Giảm thêm đến 2.5 triệu khi mua kèm SIM FPT FVIP150/F299/F399 6-12 tháng 


Trả góp 0%";"Khuyến mãi thanh toán

Xem tất cả

Giảm đến 1,000,000 đồng cho đơn hàng từ 3 triệu khi trả góp qua thẻ Techcombank MasterCard 

HSD: 31/01/2026";"Quà tặng và ưu đãi khác

Tặng phiếu mua hàng 200,000đ mua Tivi Samsung 

Giảm thêm đến 2,000,000đ khi mua MacBook, iPad, Apple Watch 

Tặng phiếu mua hàng 50,000đ khi mua sim FPT kèm máy 


Xem thêm 3 ưu đãi khác";https://fptshop.com.vn/dien-thoai/iphone-14;iPhone_14_128GB_2025-11-23_15-09-56.png
iPhone 15 256GB;Xanh dương;Yes;22490000;20590000;2025-11-23;"Khuyến mãi được hưởng

Giảm ngay 1,900,000đ áp dụng đến 24/11

AirPods giảm đến 500,000đ khi mua kèm iPhone 


Giảm thêm đến 2.5 triệu khi mua kèm SIM FPT FVIP150/F299/F399 6-12 tháng 


Trả góp 0%";"Khuyến mãi thanh toán

Xem tất cả

Giảm đến 1,000,000 đồng cho đơn hàng từ 3 triệu khi trả góp qua thẻ Techcombank MasterCard 

HSD: 31/01/2026";"Quà tặng và ưu đãi khác

Tặng phiếu mua hàng 200,000đ mua Tivi Samsung 

Tặng phiếu mua hàng 50,000đ khi mua sim FPT kèm máy 


Ưu đãi

Giảm 5% mua camera cho đơn hàng Điện thoại/ Tablet từ 1 triệu 


Xem thêm 2 ưu đãi khác";https://fptshop.com.vn/dien-thoai/iphone-15;iPhone_15_256GB_2025-11-23_15-09-59.png
iPhone 16 128GB;Trắng;Yes;22490000;21090000;2025-11-23;"Khuyến mãi được hưởng

Giảm ngay 1,400,000đ áp dụng đến 24/11

AirPods giảm đến 500,000đ khi mua kèm iPhone 


Giảm thêm đến 2.5 triệu khi mua kèm SIM FPT FVIP150/F299/F399 6-12 tháng 


Trả góp 0%";"Khuyến mãi thanh toán

Xem tất cả

Giảm đến 1,000,000 đồng cho đơn hàng từ 3 triệu khi trả góp qua thẻ Techcombank MasterCard 

HSD: 31/01/2026";"Quà tặng và ưu đãi khác

Tặng phiếu mua hàng 200,000đ mua Tivi Samsung 

Giảm thêm đến 2,000,000đ khi mua MacBook, iPad, Apple Watch 

Tặng phiếu mua hàng 50,000đ khi mua sim FPT kèm máy 


Xem thêm 3 ưu đãi khác";https://fptshop.com.vn/dien-thoai/iphone-16;iPhone_16_128GB_2025-11-23_15-10-00.png
iPhone 15 512GB;Hồng;No;28390000;0;2025-11-23;;;;https://fptshop.com.vn/dien-thoai/iphone-15;iPhone_15_512GB_2025-11-23_15-10-02.png
iPhone 14 256GB;Vàng;No;20590000;0;2025-11-23;;;;https://fptshop.com.vn/dien-thoai/iphone-14;iPhone_14_256GB_2025-11-23_15-10-03.png
iPhone 16 Pro Max 512GB;Titan Sa Mạc;No;40190000;36990000;2025-11-23;"Khuyến mãi được hưởng

Giảm ngay 3,200,000đ áp dụng đến 24/11

AirPods giảm đến 500,000đ khi mua kèm iPhone 


Giảm thêm đến 2.5 triệu khi mua kèm SIM FPT FVIP150/F299/F399 6-12 tháng 


Trả góp 0%";"Khuyến mãi thanh toán

Xem tất cả

Giảm đến 1,000,000 đồng cho đơn hàng từ 3 triệu khi trả góp qua thẻ Techcombank MasterCard 

HSD: 31/01/2026";"Quà tặng và ưu đãi khác

Tặng phiếu mua hàng 200,000đ mua Tivi Samsung 

Tặng phiếu mua hàng 50,000đ khi mua sim FPT kèm máy 


Ưu đãi

Giảm 5% mua camera cho đơn hàng Điện thoại/ Tablet từ 1 triệu 


Xem thêm 2 ưu đãi khác";https://fptshop.com.vn/dien-thoai/iphone-16-pro-max;iPhone_16_Pro_Max_512GB_2025-11-23_15-10-03.png
iPhone 14 512GB;Xanh dương;No;24990000;0;2025-11-23;;;;https://fptshop.com.vn/dien-thoai/iphone-14;iPhone_14_512GB_2025-11-23_15-10-06.png
iPhone 16 256GB;Xanh Lưu Ly;No;25490000;22990000;2025-11-23;"Khuyến mãi được hưởng

Giảm ngay 2,500,000đ áp dụng đến 24/11

AirPods giảm đến 500,000đ khi mua kèm iPhone 


Giảm thêm đến 2.5 triệu khi mua kèm SIM FPT FVIP150/F299/F399 6-12 tháng 


Trả góp 0%";"Khuyến mãi thanh toán

Xem tất cả

Giảm đến 1,000,000 đồng cho đơn hàng từ 3 triệu khi trả góp qua thẻ Techcombank MasterCard 

HSD: 31/01/2026";"Quà tặng và ưu đãi khác

Tặng phiếu mua hàng 200,000đ mua Tivi Samsung 

Tặng phiếu mua hàng 50,000đ khi mua sim FPT kèm máy 


Ưu đãi

Giảm 5% mua camera cho đơn hàng Điện thoại/ Tablet từ 1 triệu 


Xem thêm 2 ưu đãi khác";https://fptshop.com.vn/dien-thoai/iphone-16;iPhone_16_256GB_2025-11-23_15-10-06.png
iPhone 16 Pro Max 1TB;Titan Sa Mạc;No;46090000;42990000;2025-11-23;"Khuyến mãi được hưởng

Giảm ngay 3,100,000đ áp dụng đến 24/11

AirPods giảm đến 500,000đ khi mua kèm iPhone 


Giảm thêm đến 2.5 triệu khi mua kèm SIM FPT FVIP150/F299/F399 6-12 tháng 


Trả góp 0%";"Khuyến mãi thanh toán

Xem tất cả

Giảm đến 1,000,000 đồng cho đơn hàng từ 3 triệu khi trả góp qua thẻ Techcombank MasterCard 

HSD: 31/01/2026";"Quà tặng và ưu đãi khác

Tặng phiếu mua hàng 200,000đ mua Tivi Samsung 

Tặng phiếu mua hàng 50,000đ khi mua sim FPT kèm máy 


Ưu đãi

Giảm 5% mua camera cho đơn hàng Điện thoại/ Tablet từ 1 triệu 


Xem thêm 2 ưu đãi khác";https://fptshop.com.vn/dien-thoai/iphone-16-pro-max;iPhone_16_Pro_Max_1TB_2025-11-23_15-10-06.png
iPhone 16 512GB;Trắng;No;31390000;28090000;2025-11-23;"Khuyến mãi được hưởng

Giảm ngay 3,300,000đ áp dụng đến 24/11

AirPods giảm đến 500,000đ khi mua kèm iPhone 


Giảm thêm đến 2.5 triệu khi mua kèm SIM FPT FVIP150/F299/F399 6-12 tháng 


Trả góp 0%";"Khuyến mãi thanh toán

Xem tất cả

Giảm đến 1,000,000 đồng cho đơn hàng từ 3 triệu khi trả góp qua thẻ Techcombank MasterCard 

HSD: 31/01/2026";"Quà tặng và ưu đãi khác

Tặng phiếu mua hàng 200,000đ mua Tivi Samsung 

Tặng phiếu mua hàng 50,000đ khi mua sim FPT kèm máy 


Ưu đãi

Giảm 5% mua camera cho đơn hàng Điện thoại/ Tablet từ 1 triệu 


Xem thêm 2 ưu đãi khác";https://fptshop.com.vn/dien-thoai/iphone-16;iPhone_16_512GB_2025-11-23_15-10-09.png
iPhone 16 Plus 128GB;Hồng;Yes;25990000;24690000;2025-11-23;"Khuyến mãi được hưởng

Giảm ngay 1,300,000đ áp dụng đến 24/11

AirPods giảm đến 500,000đ khi mua kèm iPhone 


Giảm thêm đến 2.5 triệu khi mua kèm SIM FPT FVIP150/F299/F399 6-12 tháng 


Trả góp 0%";"Khuyến mãi thanh toán

Xem tất cả

Giảm đến 1,000,000 đồng cho đơn hàng từ 3 triệu khi trả góp qua thẻ Techcombank MasterCard 

HSD: 31/01/2026";"Quà tặng và ưu đãi khác

Tặng phiếu mua hàng 200,000đ mua Tivi Samsung 

Tặng phiếu mua hàng 50,000đ khi mua sim FPT kèm máy 


Ưu đãi

Giảm 5% mua camera cho đơn hàng Điện thoại/ Tablet từ 1 triệu 


Xem thêm 2 ưu đãi khác";https://fptshop.com.vn/dien-thoai/iphone-16-plus;iPhone_16_Plus_128GB_2025-11-23_15-10-10.png
iPhone 13 128GB;Đen;Yes;14690000;11990000;2025-11-23;"Khuyến mãi 1

Giảm ngay 2,600,000đ áp dụng đến 24/11

AirPods giảm đến 500,000đ khi mua kèm iPhone 


Giảm thêm đến 2.5 triệu khi mua kèm SIM FPT FVIP150/F299/F399 6-12 tháng 


Trả góp 0%";"Khuyến mãi thanh toán

Xem tất cả

Giảm đến 1,000,000 đồng cho đơn hàng từ 3 triệu khi trả góp qua thẻ Techcombank MasterCard 

HSD: 31/01/2026";"Quà tặng và ưu đãi khác

Tặng phiếu mua hàng 200,000đ mua Tivi Samsung 

Giảm thêm đến 2,000,000đ khi mua MacBook, iPad, Apple Watch 

Tặng phiếu mua hàng 50,000đ khi mua sim FPT kèm máy 


Xem thêm 3 ưu đãi khác";https://fptshop.com.vn/dien-thoai/iphone-13;iPhone_13_128GB_2025-11-23_15-10-15.png
iPhone 16e 128GB;Trắng;Yes;16690000;14990000;2025-11-23;"Khuyến mãi được hưởng

Giảm ngay 1,700,000đ áp dụng đến 24/11

AirPods giảm đến 500,000đ khi mua kèm iPhone 


Giảm thêm đến 2.5 triệu khi mua kèm SIM FPT FVIP150/F299/F399 6-12 tháng 


Trả góp 0%";"Khuyến mãi thanh toán

Xem tất cả

Giảm đến 1,000,000 đồng cho đơn hàng từ 3 triệu khi trả góp qua thẻ Techcombank MasterCard 

HSD: 31/01/2026";"Quà tặng và ưu đãi khác

Tặng phiếu mua hàng 200,000đ mua Tivi Samsung 

Tặng phiếu mua hàng 50,000đ khi mua sim FPT kèm máy 


Ưu đãi

Giảm 5% mua camera cho đơn hàng Điện thoại/ Tablet từ 1 triệu 


Xem thêm 2 ưu đãi khác";https://fptshop.com.vn/dien-thoai/iphone-16e;iPhone_16e_128GB_2025-11-23_15-10-15.png
iPhone 16 Plus 256GB;Hồng;Yes;28990000;27790000;2025-11-23;"Khuyến mãi được hưởng

Giảm ngay 1,200,000đ áp dụng đến 24/11

AirPods giảm đến 500,000đ khi mua kèm iPhone 


Giảm thêm đến 2.5 triệu khi mua kèm SIM FPT FVIP150/F299/F399 6-12 tháng 


Trả góp 0%";"Khuyến mãi thanh toán

Xem tất cả

Giảm đến 1,000,000 đồng cho đơn hàng từ 3 triệu khi trả góp qua thẻ Techcombank MasterCard 

HSD: 31/01/2026";"Quà tặng và ưu đãi khác

Tặng phiếu mua hàng 200,000đ mua Tivi Samsung 

Tặng phiếu mua hàng 50,000đ khi mua sim FPT kèm máy 


Ưu đãi

Giảm 5% mua camera cho đơn hàng Điện thoại/ Tablet từ 1 triệu 


Xem thêm 2 ưu đãi khác";https://fptshop.com.vn/dien-thoai/iphone-16-plus;iPhone_16_Plus_256GB_2025-11-23_15-10-16.png
iPhone 16e 256GB;Đen;No;19590000;18990000;2025-11-23;"Khuyến mãi được hưởng

Giảm ngay 600,000đ áp dụng đến 24/11

AirPods giảm đến 500,000đ khi mua kèm iPhone 


Giảm thêm đến 2.5 triệu khi mua kèm SIM FPT FVIP150/F299/F399 6-12 tháng 


Trả góp 0%";"Khuyến mãi thanh toán

Xem tất cả

Giảm đến 1,000,000 đồng cho đơn hàng từ 3 triệu khi trả góp qua thẻ Techcombank MasterCard 

HSD: 31/01/2026";"Quà tặng và ưu đãi khác

Tặng phiếu mua hàng 200,000đ mua Tivi Samsung 

Tặng phiếu mua hàng 50,000đ khi mua sim FPT kèm máy 


Ưu đãi

Giảm 5% mua camera cho đơn hàng Điện thoại/ Tablet từ 1 triệu 


Xem thêm 2 ưu đãi khác";https://fptshop.com.vn/dien-thoai/iphone-16e;iPhone_16e_256GB_2025-11-23_15-10-18.png
iPhone 16 Plus 512GB;Đen;No;34290000;29990000;2025-11-23;"Khuyến mãi được hưởng

Giảm ngay 4,300,000đ áp dụng đến 24/11

AirPods giảm đến 500,000đ khi mua kèm iPhone 


Giảm thêm đến 2.5 triệu khi mua kèm SIM FPT FVIP150/F299/F399 6-12 tháng 


Trả góp 0%";"Khuyến mãi thanh toán

Xem tất cả

Giảm đến 1,000,000 đồng cho đơn hàng từ 3 triệu khi trả góp qua thẻ Techcombank MasterCard 

HSD: 31/01/2026";"Quà tặng và ưu đãi khác

Tặng phiếu mua hàng 200,000đ mua Tivi Samsung 

Tặng phiếu mua hàng 50,000đ khi mua sim FPT kèm máy 


Ưu đãi

Giảm 5% mua camera cho đơn hàng Điện thoại/ Tablet từ 1 triệu 


Xem thêm 2 ưu đãi khác";https://fptshop.com.vn/dien-thoai/iphone-16-plus;iPhone_16_Plus_512GB_2025-11-23_15-10-19.png
iPhone 16 Pro 128GB;Titan Tự nhiên;Yes;28390000;25590000;2025-11-23;"Khuyến mãi được hưởng

Giảm ngay 2,800,000đ áp dụng đến 24/11

AirPods giảm đến 500,000đ khi mua kèm iPhone 


Giảm thêm đến 2.5 triệu khi mua kèm SIM FPT FVIP150/F299/F399 6-12 tháng 


Trả góp 0%";"Khuyến mãi thanh toán

Xem tất cả

Giảm đến 1,000,000 đồng cho đơn hàng từ 3 triệu khi trả góp qua thẻ Techcombank MasterCard 

HSD: 31/01/2026";"Quà tặng và ưu đãi khác

Tặng phiếu mua hàng 200,000đ mua Tivi Samsung 

Tặng phiếu mua hàng 50,000đ khi mua sim FPT kèm máy 


Ưu đãi

Giảm 5% mua camera cho đơn hàng Điện thoại/ Tablet từ 1 triệu 


Xem thêm 2 ưu đãi khác";https://fptshop.com.vn/dien-thoai/iphone-16-pro;iPhone_16_Pro_128GB_2025-11-23_15-10-19.png
iPhone 16e 512GB;Trắng;No;25490000;23990000;2025-11-23;"Khuyến mãi được hưởng

Giảm ngay 1,500,000đ áp dụng đến 24/11

AirPods giảm đến 500,000đ khi mua kèm iPhone 


Giảm thêm đến 2.5 triệu khi mua kèm SIM FPT FVIP150/F299/F399 6-12 tháng 


Trả góp 0%";"Khuyến mãi thanh toán

Xem tất cả

Giảm đến 1,000,000 đồng cho đơn hàng từ 3 triệu khi trả góp qua thẻ Techcombank MasterCard 

HSD: 31/01/2026";"Quà tặng và ưu đãi khác

Tặng phiếu mua hàng 200,000đ mua Tivi Samsung 

Tặng phiếu mua hàng 50,000đ khi mua sim FPT kèm máy 


Ưu đãi

Giảm 5% mua camera cho đơn hàng Điện thoại/ Tablet từ 1 triệu 


Xem thêm 2 ưu đãi khác";https://fptshop.com.vn/dien-thoai/iphone-16e;iPhone_16e_512GB_2025-11-23_15-10-21.png
iPhone 13 256GB;Đen;No;17990000;0;2025-11-23;;;;https://fptshop.com.vn/dien-thoai/iphone-13;iPhone_13_256GB_2025-11-23_15-10-21.png
iPhone 13 512GB;Đen;No;24490000;0;2025-11-23;;;;https://fptshop.com.vn/dien-thoai/iphone-13;iPhone_13_512GB_2025-11-23_15-10-24.png
iPhone 16 Pro 256GB;Titan Sa Mạc;No;31390000;28590000;2025-11-23;"Khuyến mãi được hưởng

Giảm ngay 2,800,000đ áp dụng đến 24/11

AirPods giảm đến 500,000đ khi mua kèm iPhone 


Giảm thêm đến 2.5 triệu khi mua kèm SIM FPT FVIP150/F299/F399 6-12 tháng 


Trả góp 0%";"Khuyến mãi thanh toán

Xem tất cả

Giảm đến 1,000,000 đồng cho đơn hàng từ 3 triệu khi trả góp qua thẻ Techcombank MasterCard 

HSD: 31/01/2026";"Quà tặng và ưu đãi khác

Tặng phiếu mua hàng 200,000đ mua Tivi Samsung 

Tặng phiếu mua hàng 50,000đ khi mua sim FPT kèm máy 


Ưu đãi

Giảm 5% mua camera cho đơn hàng Điện thoại/ Tablet từ 1 triệu 


Xem thêm 2 ưu đãi khác";https://fptshop.com.vn/dien-thoai/iphone-16-pro;iPhone_16_Pro_256GB_2025-11-23_15-10-25.png
iPhone 16 Pro 512GB;Titan Tự nhiên;No;37190000;34690000;2025-11-23;"Khuyến mãi được hưởng

Giảm ngay 2,500,000đ áp dụng đến 24/11

AirPods giảm đến 500,000đ khi mua kèm iPhone 


Giảm thêm đến 2.5 triệu khi mua kèm SIM FPT FVIP150/F299/F399 6-12 tháng 


Trả góp 0%";"Khuyến mãi thanh toán

Xem tất cả

Giảm đến 1,000,000 đồng cho đơn hàng từ 3 triệu khi trả góp qua thẻ Techcombank MasterCard 

HSD: 31/01/2026";"Quà tặng và ưu đãi khác

Tặng phiếu mua hàng 200,000đ mua Tivi Samsung 

Tặng phiếu mua hàng 50,000đ khi mua sim FPT kèm máy 


Ưu đãi

Giảm 5% mua camera cho đơn hàng Điện thoại/ Tablet từ 1 triệu 


Xem thêm 2 ưu đãi khác";https://fptshop.com.vn/dien-thoai/iphone-16-pro;iPhone_16_Pro_512GB_2025-11-23_15-10-28.png
Apple AirPods Pro 3 2025 USB-C;Trắng;Yes;6790000;6690000;2025-11-23;"Khuyến mãi 1

Giảm ngay 100,000đ

Giá chỉ từ 6,190,000đ khi mua kèm iPhone Series

Khuyến mãi 2

Trả góp 0%";"Khuyến mãi thanh toán

Xem tất cả

Giảm đến 1,000,000 đồng cho đơn hàng từ 3 triệu khi trả góp qua thẻ Techcombank MasterCard 

HSD: 31/01/2026";"Quà tặng và ưu đãi khác
Ưu đãi

Trả góp 0% lãi suất, MIỄN PHÍ chuyển đổi kì hạn 3 - 6 tháng qua thẻ tín dụng 

Giảm ngay 30% miếng dán màn hình hoặc ốp lưng khi mua kèm điện thoại di động/máy tính bảng 


HOÀN NGAY 100% phí chuyển đổi trả góp, trị giá lên đến 3.500.000 khi mở và thanh toán bằng TP Bank EVO";https://fptshop.com.vn/phu-kien/tai-nghe-airpods-pro-3-2025-usb-c;Apple_AirPods_Pro_3_2025_USB-C_2025-11-23_15-10-28.png
Apple AirPods 4;Trắng;Yes;3790000;2990000;2025-11-23;"Khuyến mãi 1

Giảm ngay 800,000đ

Giá chỉ từ 2,690,000đ khi mua kèm iPhone Series

Giảm ngay 50% hộp đựng tai nghe Airpods khi mua kèm. 


Khuyến mãi 2

Trả góp 0%";"Khuyến mãi thanh toán

Xem tất cả

Giảm đến 1,000,000 đồng cho đơn hàng từ 3 triệu khi trả góp qua thẻ Techcombank MasterCard 

HSD: 31/01/2026";"Quà tặng và ưu đãi khác
Ưu đãi

HOÀN NGAY 100% phí chuyển đổi trả góp, trị giá lên đến 3.500.000 khi mở và thanh toán bằng TP Bank EVO";https://fptshop.com.vn/phu-kien/tai-nghe-airpods-4;Apple_AirPods_4_2025-11-23_15-10-30.png
iPhone 16 Pro 1TB;Titan Sa Mạc;No;43090000;39890000;2025-11-23;"Khuyến mãi được hưởng

Giảm ngay 3,200,000đ áp dụng đến 24/11

AirPods giảm đến 500,000đ khi mua kèm iPhone 


Giảm thêm đến 2.5 triệu khi mua kèm SIM FPT FVIP150/F299/F399 6-12 tháng 


Trả góp 0%";"Khuyến mãi thanh toán

Xem tất cả

Giảm đến 1,000,000 đồng cho đơn hàng từ 3 triệu khi trả góp qua thẻ Techcombank MasterCard 

HSD: 31/01/2026";"Quà tặng và ưu đãi khác

Tặng phiếu mua hàng 200,000đ mua Tivi Samsung 

Tặng phiếu mua hàng 50,000đ khi mua sim FPT kèm máy 


Ưu đãi

Giảm 5% mua camera cho đơn hàng Điện thoại/ Tablet từ 1 triệu 


Xem thêm 2 ưu đãi khác";https://fptshop.com.vn/dien-thoai/iphone-16-pro;iPhone_16_Pro_1TB_2025-11-23_15-10-31.png
Apple AirPods 4 - Chủ Động Khử Tiếng Ồn;Trắng;Yes;4990000;4290000;2025-11-23;"Khuyến mãi 1

Giảm ngay 700,000đ

Giá chỉ từ 3,990,000đ khi mua kèm iPhone Series

Giảm ngay 50% hộp đựng tai nghe Airpods khi mua kèm. 


Khuyến mãi 2

Trả góp 0%";"Khuyến mãi thanh toán

Xem tất cả

Giảm đến 1,000,000 đồng cho đơn hàng từ 3 triệu khi trả góp qua thẻ Techcombank MasterCard 

HSD: 31/01/2026";"Quà tặng và ưu đãi khác
Ưu đãi

HOÀN NGAY 100% phí chuyển đổi trả góp, trị giá lên đến 3.500.000 khi mở và thanh toán bằng TP Bank EVO";https://fptshop.com.vn/phu-kien/tai-nghe-airpods-4-chu-dong-khu-tieng-on;Apple_AirPods_4_-_Chủ_Động_Khử_Tiếng_Ồn_2025-11-23_15-10-32.png
Apple AirPods Pro 2023 USB-C;Trắng;Yes;6075000;5290000;2025-11-23;"Khuyến mãi 1

Giảm ngay 785,000đ

Giá chỉ từ 4,790,000đ khi mua kèm iPhone Series

Khuyến mãi 2

Trả góp 0%";"Khuyến mãi thanh toán

Xem tất cả

Giảm đến 1,000,000 đồng cho đơn hàng từ 3 triệu khi trả góp qua thẻ Techcombank MasterCard 

HSD: 31/01/2026";"Quà tặng và ưu đãi khác
Ưu đãi

HOÀN NGAY 100% phí chuyển đổi trả góp, trị giá lên đến 3.500.000 khi mở và thanh toán bằng TP Bank EVO";https://fptshop.com.vn/phu-kien/tai-nghe-airpods-pro-2023-usb-c;Apple_AirPods_Pro_2023_USB-C_2025-11-23_15-10-38.png
Macbook Air 13 M2 2024 8CPU/8GPU/16GB/256GB;Xanh Đen;Yes;24490000;19690000;2025-11-23;"Khuyến mãi được hưởng

Giảm ngay 4,800,000đ áp dụng đến 24/11

Giảm đến 500,000đ cho Bàn Phím, Chuột của Apple khi mua kèm Macbook 


Trả góp 0%";"Khuyến mãi thanh toán

Xem tất cả

Giảm đến 1,000,000 đồng cho đơn hàng từ 3 triệu khi trả góp qua thẻ Techcombank MasterCard 

HSD: 31/01/2026";"Quà tặng và ưu đãi khác

Tặng mã ưu đãi 150,000đ mua Balo – Túi xách giá chỉ từ 49,000đ 


Tặng phiếu mua hàng 200,000đ mua màn hình (Hạn sử dụng 15 ngày) 


Tặng phiếu mua hàng 200,000đ mua Microsoft® 365 Personal/Family khi mua kèm Máy tính xách tay/Macbook/iPad/PC 

Xem thêm 3 ưu đãi khác";https://fptshop.com.vn/may-tinh-xach-tay/macbook-air-m2-13-2024-8cpu-8gpu-16gb-256gb;Macbook_Air_13_M2_2024_8CPU_8GPU_16GB_256GB_2025-11-23_15-10-39.png
Macbook Air 13 M4 2025 10CPU/8GPU/16GB/256GB;Xanh Da Trời;Yes;26490000;25190000;2025-11-23;"Khuyến mãi được hưởng

Giảm ngay 1,300,000đ áp dụng đến 24/11

Giảm đến 500,000đ cho Bàn Phím, Chuột của Apple khi mua kèm Macbook 


Trả góp 0%";"Khuyến mãi thanh toán

Xem tất cả

Giảm đến 1,000,000 đồng cho đơn hàng từ 3 triệu khi trả góp qua thẻ Techcombank MasterCard 

HSD: 31/01/2026";"Quà tặng và ưu đãi khác

Tặng mã ưu đãi 150,000đ mua Balo – Túi xách giá chỉ từ 49,000đ 


Tặng phiếu mua hàng 200,000đ mua màn hình (Hạn sử dụng 15 ngày) 


Tặng phiếu mua hàng 200,000đ mua Microsoft® 365 Personal/Family khi mua kèm Máy tính xách tay/Macbook/iPad/PC 

Xem thêm 3 ưu đãi khác";https://fptshop.com.vn/may-tinh-xach-tay/macbook-air-13-m4-2025-10cpu-8gpu-16gb-256gb;Macbook_Air_13_M4_2025_10CPU_8GPU_16GB_256GB_2025-11-23_15-10-40.png
Macbook Air 13 M2 2024 8CPU/8GPU/16GB/256GB;Xanh Đen;Yes;24490000;19790000;2025-11-23;"Khuyến mãi được hưởng

Giảm ngay 4,700,000đ áp dụng đến 24/11

Giảm đến 500,000đ cho Bàn Phím, Chuột của Apple khi mua kèm Macbook 


Trả góp 0%";"Khuyến mãi thanh toán

Xem tất cả

Giảm đến 1,000,000 đồng cho đơn hàng từ 3 triệu khi trả góp qua thẻ Techcombank MasterCard 

HSD: 31/01/2026";"Quà tặng và ưu đãi khác

Tặng mã ưu đãi 150,000đ mua Balo – Túi xách giá chỉ từ 49,000đ 


Tặng phiếu mua hàng 200,000đ mua màn hình (Hạn sử dụng 15 ngày) 


Tặng phiếu mua hàng 200,000đ mua Microsoft® 365 Personal/Family khi mua kèm Máy tính xách tay/Macbook/iPad/PC 

Xem thêm 3 ưu đãi khác";https://fptshop.com.vn/may-tinh-xach-tay/macbook-air-m2-13-2024-8cpu-8gpu-16gb-256gb;Macbook_Air_13_M2_2024_8CPU_8GPU_16GB_256GB_2025-11-23_15-10-41.png
Macbook Air 15 M4 2025 10CPU/10GPU/16GB/256GB;Đêm Xanh Thẳm;Yes;31390000;29390000;2025-11-23;"Khuyến mãi được hưởng

Giảm ngay 2,000,000đ áp dụng đến 24/11

Giảm đến 500,000đ cho Bàn Phím, Chuột của Apple khi mua kèm Macbook 


Trả góp 0%";"Khuyến mãi thanh toán

Xem tất cả

Giảm đến 1,000,000 đồng cho đơn hàng từ 3 triệu khi trả góp qua thẻ Techcombank MasterCard 

HSD: 31/01/2026";"Quà tặng và ưu đãi khác

Tặng mã ưu đãi 150,000đ mua Balo – Túi xách giá chỉ từ 49,000đ 


Tặng phiếu mua hàng 200,000đ mua màn hình (Hạn sử dụng 15 ngày) 


Tặng phiếu mua hàng 200,000đ mua Microsoft® 365 Personal/Family khi mua kèm Máy tính xách tay/Macbook/iPad/PC 

Xem thêm 3 ưu đãi khác";https://fptshop.com.vn/may-tinh-xach-tay/macbook-air-15-m4-2025-10cpu-10gpu-16gb-256gb;Macbook_Air_15_M4_2025_10CPU_10GPU_16GB_256GB_2025-11-23_15-10-41.png
Macbook Air 13 M4 2025 10CPU/8GPU/16GB/256GB;Xanh Da Trời;Yes;26490000;25290000;2025-11-23;"Khuyến mãi được hưởng

Giảm ngay 1,200,000đ áp dụng đến 24/11

Giảm đến 500,000đ cho Bàn Phím, Chuột của Apple khi mua kèm Macbook 


Trả góp 0%";"Khuyến mãi thanh toán

Xem tất cả

Giảm đến 1,000,000 đồng cho đơn hàng từ 3 triệu khi trả góp qua thẻ Techcombank MasterCard 

HSD: 31/01/2026";"Quà tặng và ưu đãi khác

Tặng mã ưu đãi 150,000đ mua Balo – Túi xách giá chỉ từ 49,000đ 


Tặng phiếu mua hàng 200,000đ mua màn hình (Hạn sử dụng 15 ngày) 


Tặng phiếu mua hàng 200,000đ mua Microsoft® 365 Personal/Family khi mua kèm Máy tính xách tay/Macbook/iPad/PC 

Xem thêm 3 ưu đãi khác";https://fptshop.com.vn/may-tinh-xach-tay/macbook-air-13-m4-2025-10cpu-8gpu-16gb-256gb;Macbook_Air_13_M4_2025_10CPU_8GPU_16GB_256GB_2025-11-23_15-10-43.png
Macbook Air 13 M2 2024 8CPU/8GPU/16GB/256GB;Xanh Đen;No;24490000;20190000;2025-11-23;"Khuyến mãi được hưởng

Giảm ngay 4,300,000đ áp dụng đến 24/11

Giảm đến 500,000đ cho Bàn Phím, Chuột của Apple khi mua kèm Macbook 


Trả góp 0%";"Khuyến mãi thanh toán

Xem tất cả

Giảm đến 1,000,000 đồng cho đơn hàng từ 3 triệu khi trả góp qua thẻ Techcombank MasterCard 

HSD: 31/01/2026";"Quà tặng và ưu đãi khác

Tặng mã ưu đãi 150,000đ mua Balo – Túi xách giá chỉ từ 49,000đ 


Tặng phiếu mua hàng 200,000đ mua màn hình (Hạn sử dụng 15 ngày) 


Tặng phiếu mua hàng 200,000đ mua Microsoft® 365 Personal/Family khi mua kèm Máy tính xách tay/Macbook/iPad/PC 

Xem thêm 3 ưu đãi khác";https://fptshop.com.vn/may-tinh-xach-tay/macbook-air-m2-13-2024-8cpu-8gpu-16gb-256gb;Macbook_Air_13_M2_2024_8CPU_8GPU_16GB_256GB_2025-11-23_15-10-44.png
Macbook Air 15 M4 2025 10CPU/10GPU/16GB/256GB;Đêm Xanh Thẳm;Yes;31390000;29990000;2025-11-23;"Khuyến mãi được hưởng

Giảm ngay 1,400,000đ áp dụng đến 24/11

Giảm đến 500,000đ cho Bàn Phím, Chuột của Apple khi mua kèm Macbook 


Trả góp 0%";"Khuyến mãi thanh toán

Xem tất cả

Giảm đến 1,000,000 đồng cho đơn hàng từ 3 triệu khi trả góp qua thẻ Techcombank MasterCard 

HSD: 31/01/2026";"Quà tặng và ưu đãi khác

Tặng mã ưu đãi 150,000đ mua Balo – Túi xách giá chỉ từ 49,000đ 


Tặng phiếu mua hàng 200,000đ mua màn hình (Hạn sử dụng 15 ngày) 


Tặng phiếu mua hàng 200,000đ mua Microsoft® 365 Personal/Family khi mua kèm Máy tính xách tay/Macbook/iPad/PC 

Xem thêm 3 ưu đãi khác";https://fptshop.com.vn/may-tinh-xach-tay/macbook-air-15-m4-2025-10cpu-10gpu-16gb-256gb;Macbook_Air_15_M4_2025_10CPU_10GPU_16GB_256GB_2025-11-23_15-10-44.png
Macbook Air 13 M4 2025 10CPU/8GPU/16GB/256GB;Xanh Da Trời;Yes;26490000;25290000;2025-11-23;"Khuyến mãi được hưởng

Giảm ngay 1,200,000đ áp dụng đến 24/11

Giảm đến 500,000đ cho Bàn Phím, Chuột của Apple khi mua kèm Macbook 


Trả góp 0%";"Khuyến mãi thanh toán

Xem tất cả

Giảm đến 1,000,000 đồng cho đơn hàng từ 3 triệu khi trả góp qua thẻ Techcombank MasterCard 

HSD: 31/01/2026";"Quà tặng và ưu đãi khác

Tặng mã ưu đãi 150,000đ mua Balo – Túi xách giá chỉ từ 49,000đ 


Tặng phiếu mua hàng 200,000đ mua màn hình (Hạn sử dụng 15 ngày) 


Tặng phiếu mua hàng 200,000đ mua Microsoft® 365 Personal/Family khi mua kèm Máy tính xách tay/Macbook/iPad/PC 

Xem thêm 3 ưu đãi khác";https://fptshop.com.vn/may-tinh-xach-tay/macbook-air-13-m4-2025-10cpu-8gpu-16gb-256gb;Macbook_Air_13_M4_2025_10CPU_8GPU_16GB_256GB_2025-11-23_15-10-45.png
Macbook Air 13 M2 2024 8CPU/8GPU/16GB/256GB;Xanh Đen;No;24490000;20190000;2025-11-23;"Khuyến mãi được hưởng

Giảm ngay 4,300,000đ áp dụng đến 24/11

Giảm đến 500,000đ cho Bàn Phím, Chuột của Apple khi mua kèm Macbook 


Trả góp 0%";"Khuyến mãi thanh toán

Xem tất cả

Giảm đến 1,000,000 đồng cho đơn hàng từ 3 triệu khi trả góp qua thẻ Techcombank MasterCard 

HSD: 31/01/2026";"Quà tặng và ưu đãi khác

Tặng mã ưu đãi 150,000đ mua Balo – Túi xách giá chỉ từ 49,000đ 


Tặng phiếu mua hàng 200,000đ mua màn hình (Hạn sử dụng 15 ngày) 


Tặng phiếu mua hàng 200,000đ mua Microsoft® 365 Personal/Family khi mua kèm Máy tính xách tay/Macbook/iPad/PC 

Xem thêm 3 ưu đãi khác";https://fptshop.com.vn/may-tinh-xach-tay/macbook-air-m2-13-2024-8cpu-8gpu-16gb-256gb;Macbook_Air_13_M2_2024_8CPU_8GPU_16GB_256GB_2025-11-23_15-10-47.png
MacBook Air 15 inch M2 2023 8CPU 10GPU 8GB/256GB;Xanh dương;Yes;32890000;24990000;2025-11-23;"Khuyến mãi được hưởng

Giảm ngay 7,900,000đ áp dụng đến 24/11

Giảm đến 500,000đ cho Bàn Phím, Chuột của Apple khi mua kèm Macbook 


Trả góp 0%";"Khuyến mãi thanh toán

Xem tất cả

Giảm đến 1,000,000 đồng cho đơn hàng từ 3 triệu khi trả góp qua thẻ Techcombank MasterCard 

HSD: 31/01/2026";"Quà tặng và ưu đãi khác

Tặng mã ưu đãi 150,000đ mua Balo – Túi xách giá chỉ từ 49,000đ 


Tặng phiếu mua hàng 200,000đ mua màn hình (Hạn sử dụng 15 ngày) 


Tặng phiếu mua hàng 200,000đ mua Microsoft® 365 Personal/Family khi mua kèm Máy tính xách tay/Macbook/iPad/PC 

Xem thêm 2 ưu đãi khác";https://fptshop.com.vn/may-tinh-xach-tay/macbook-air-m2-2023-15-inch;MacBook_Air_15_inch_M2_2023_8CPU_10GPU_8GB_256GB_2025-11-23_15-10-47.png
Macbook Air 15 M4 2025 10CPU/10GPU/16GB/256GB;Đêm Xanh Thẳm;Yes;31390000;29990000;2025-11-23;"Khuyến mãi được hưởng

Giảm ngay 1,400,000đ áp dụng đến 24/11

Giảm đến 500,000đ cho Bàn Phím, Chuột của Apple khi mua kèm Macbook 


Trả góp 0%";"Khuyến mãi thanh toán

Xem tất cả

Giảm đến 1,000,000 đồng cho đơn hàng từ 3 triệu khi trả góp qua thẻ Techcombank MasterCard 

HSD: 31/01/2026";"Quà tặng và ưu đãi khác

Tặng mã ưu đãi 150,000đ mua Balo – Túi xách giá chỉ từ 49,000đ 


Tặng phiếu mua hàng 200,000đ mua màn hình (Hạn sử dụng 15 ngày) 


Tặng phiếu mua hàng 200,000đ mua Microsoft® 365 Personal/Family khi mua kèm Máy tính xách tay/Macbook/iPad/PC 

Xem thêm 3 ưu đãi khác";https://fptshop.com.vn/may-tinh-xach-tay/macbook-air-15-m4-2025-10cpu-10gpu-16gb-256gb;Macbook_Air_15_M4_2025_10CPU_10GPU_16GB_256GB_2025-11-23_15-10-47.png
Macbook Air 13 M4 2025 10CPU/8GPU/16GB/256GB;Xanh Da Trời;Yes;26490000;25290000;2025-11-23;"Khuyến mãi được hưởng

Giảm ngay 1,200,000đ áp dụng đến 24/11

Giảm đến 500,000đ cho Bàn Phím, Chuột của Apple khi mua kèm Macbook 


Trả góp 0%";"Khuyến mãi thanh toán

Xem tất cả

Giảm đến 1,000,000 đồng cho đơn hàng từ 3 triệu khi trả góp qua thẻ Techcombank MasterCard 

HSD: 31/01/2026";"Quà tặng và ưu đãi khác

Tặng mã ưu đãi 150,000đ mua Balo – Túi xách giá chỉ từ 49,000đ 


Tặng phiếu mua hàng 200,000đ mua màn hình (Hạn sử dụng 15 ngày) 


Tặng phiếu mua hàng 200,000đ mua Microsoft® 365 Personal/Family khi mua kèm Máy tính xách tay/Macbook/iPad/PC 

Xem thêm 3 ưu đãi khác";https://fptshop.com.vn/may-tinh-xach-tay/macbook-air-13-m4-2025-10cpu-8gpu-16gb-256gb;Macbook_Air_13_M4_2025_10CPU_8GPU_16GB_256GB_2025-11-23_15-10-49.png
Macbook Air 15 M4 2025 10CPU/10GPU/16GB/256GB;Đêm Xanh Thẳm;Yes;31390000;29990000;2025-11-23;"Khuyến mãi được hưởng

Giảm ngay 1,400,000đ áp dụng đến 24/11

Giảm đến 500,000đ cho Bàn Phím, Chuột của Apple khi mua kèm Macbook 


Trả góp 0%";"Khuyến mãi thanh toán

Xem tất cả

Giảm đến 1,000,000 đồng cho đơn hàng từ 3 triệu khi trả góp qua thẻ Techcombank MasterCard 

HSD: 31/01/2026";"Quà tặng và ưu đãi khác

Tặng mã ưu đãi 150,000đ mua Balo – Túi xách giá chỉ từ 49,000đ 


Tặng phiếu mua hàng 200,000đ mua màn hình (Hạn sử dụng 15 ngày) 


Tặng phiếu mua hàng 200,000đ mua Microsoft® 365 Personal/Family khi mua kèm Máy tính xách tay/Macbook/iPad/PC 

Xem thêm 3 ưu đãi khác";https://fptshop.com.vn/may-tinh-xach-tay/macbook-air-15-m4-2025-10cpu-10gpu-16gb-256gb;Macbook_Air_15_M4_2025_10CPU_10GPU_16GB_256GB_2025-11-23_15-10-51.png
MacBook Air 15 inch M2 2023 8CPU 10GPU 8GB/256GB;Xanh dương;No;32890000;25990000;2025-11-23;"Khuyến mãi được hưởng

Giảm ngay 6,900,000đ áp dụng đến 24/11

Giảm đến 500,000đ cho Bàn Phím, Chuột của Apple khi mua kèm Macbook 


Trả góp 0%";"Khuyến mãi thanh toán

Xem tất cả

Giảm đến 1,000,000 đồng cho đơn hàng từ 3 triệu khi trả góp qua thẻ Techcombank MasterCard 

HSD: 31/01/2026";"Quà tặng và ưu đãi khác

Tặng mã ưu đãi 150,000đ mua Balo – Túi xách giá chỉ từ 49,000đ 


Tặng phiếu mua hàng 200,000đ mua màn hình (Hạn sử dụng 15 ngày) 


Tặng phiếu mua hàng 200,000đ mua Microsoft® 365 Personal/Family khi mua kèm Máy tính xách tay/Macbook/iPad/PC 

Xem thêm 2 ưu đãi khác";https://fptshop.com.vn/may-tinh-xach-tay/macbook-air-m2-2023-15-inch;MacBook_Air_15_inch_M2_2023_8CPU_10GPU_8GB_256GB_2025-11-23_15-10-54.png
MacBook Air 15 inch M2 2023 8CPU 10GPU 8GB/256GB;Xanh dương;No;32890000;0;2025-11-23;;;;https://fptshop.com.vn/may-tinh-xach-tay/macbook-air-m2-2023-15-inch;MacBook_Air_15_inch_M2_2023_8CPU_10GPU_8GB_256GB_2025-11-23_15-10-57.png
MacBook Air 13 M3 2024 8CPU/8GPU/16GB/256GB;Xanh Đen;Yes;27990000;23990000;2025-11-23;"Khuyến mãi được hưởng

Giảm ngay 4,000,000đ áp dụng đến 24/11

Giảm đến 500,000đ cho Bàn Phím, Chuột của Apple khi mua kèm Macbook 


Trả góp 0%";"Khuyến mãi thanh toán

Xem tất cả

Giảm đến 1,000,000 đồng cho đơn hàng từ 3 triệu khi trả góp qua thẻ Techcombank MasterCard 

HSD: 31/01/2026";"Quà tặng và ưu đãi khác

Tặng mã ưu đãi 150,000đ mua Balo – Túi xách giá chỉ từ 49,000đ 


Tặng phiếu mua hàng 200,000đ mua màn hình (Hạn sử dụng 15 ngày) 


Tặng phiếu mua hàng 200,000đ mua Microsoft® 365 Personal/Family khi mua kèm Máy tính xách tay/Macbook/iPad/PC 

Xem thêm 2 ưu đãi khác";https://fptshop.com.vn/may-tinh-xach-tay/macbook-air-m3-13-2024-8cpu-8gpu-16gb-256gb;MacBook_Air_13_M3_2024_8CPU_8GPU_16GB_256GB_2025-11-23_15-10-57.png
iPad A16 WiFi 128GB;Bạc;Yes;9790000;8790000;2025-11-23;"Khuyến mãi được hưởng

Giảm ngay 1,000,000đ áp dụng đến 24/11

Giảm đến 500,000đ cho Bao da/Bàn Phím, Bút cảm ứng của Apple khi mua kèm iPad 


Trả góp 0%";"Khuyến mãi thanh toán

Xem tất cả

Giảm đến 1,000,000 đồng cho đơn hàng từ 3 triệu khi trả góp qua thẻ Techcombank MasterCard 

HSD: 31/01/2026";"Quà tặng và ưu đãi khác

Tặng phiếu mua hàng 200,000đ mua Microsoft® 365 Personal/Family khi mua kèm Máy tính xách tay/Macbook/iPad/PC 

Tặng phiếu mua hàng 50,000đ khi mua sim FPT kèm máy 


Ưu đãi

Giảm 5% mua camera cho đơn hàng Điện thoại/ Tablet từ 1 triệu 


Xem thêm 4 ưu đãi khác";https://fptshop.com.vn/may-tinh-bang/ipad-a16-wifi;iPad_A16_WiFi_128GB_2025-11-23_15-10-58.png
MacBook Air 15 inch M2 2023 8CPU 10GPU 8GB/256GB;Xanh dương;No;32890000;0;2025-11-23;;;;https://fptshop.com.vn/may-tinh-xach-tay/macbook-air-m2-2023-15-inch;MacBook_Air_15_inch_M2_2023_8CPU_10GPU_8GB_256GB_2025-11-23_15-10-59.png
MacBook Air 13 M3 2024 8CPU/8GPU/16GB/256GB;Xanh Đen;No;27990000;23990000;2025-11-23;"Khuyến mãi được hưởng

Giảm ngay 4,000,000đ áp dụng đến 24/11

Giảm đến 500,000đ cho Bàn Phím, Chuột của Apple khi mua kèm Macbook 


Trả góp 0%";"Khuyến mãi thanh toán

Xem tất cả

Giảm đến 1,000,000 đồng cho đơn hàng từ 3 triệu khi trả góp qua thẻ Techcombank MasterCard 

HSD: 31/01/2026";"Quà tặng và ưu đãi khác

Tặng mã ưu đãi 150,000đ mua Balo – Túi xách giá chỉ từ 49,000đ 


Tặng phiếu mua hàng 200,000đ mua màn hình (Hạn sử dụng 15 ngày) 


Tặng phiếu mua hàng 200,000đ mua Microsoft® 365 Personal/Family khi mua kèm Máy tính xách tay/Macbook/iPad/PC 

Xem thêm 2 ưu đãi khác";https://fptshop.com.vn/may-tinh-xach-tay/macbook-air-m3-13-2024-8cpu-8gpu-16gb-256gb;MacBook_Air_13_M3_2024_8CPU_8GPU_16GB_256GB_2025-11-23_15-11-00.png
iPad A16 WiFi 256GB;Bạc;Yes;12590000;11590000;2025-11-23;"Khuyến mãi được hưởng

Giảm ngay 1,000,000đ áp dụng đến 24/11

Giảm đến 500,000đ cho Bao da/Bàn Phím, Bút cảm ứng của Apple khi mua kèm iPad 


Trả góp 0%";"Khuyến mãi thanh toán

Xem tất cả

Giảm đến 1,000,000 đồng cho đơn hàng từ 3 triệu khi trả góp qua thẻ Techcombank MasterCard 

HSD: 31/01/2026";"Quà tặng và ưu đãi khác

Tặng phiếu mua hàng 200,000đ mua Microsoft® 365 Personal/Family khi mua kèm Máy tính xách tay/Macbook/iPad/PC 

Tặng phiếu mua hàng 50,000đ khi mua sim FPT kèm máy 


Ưu đãi

Giảm 5% mua camera cho đơn hàng Điện thoại/ Tablet từ 1 triệu 


Xem thêm 4 ưu đãi khác";https://fptshop.com.vn/may-tinh-bang/ipad-a16-wifi;iPad_A16_WiFi_256GB_2025-11-23_15-11-00.png
iPad A16 5G 128GB;Xanh dương;Yes;13990000;12990000;2025-11-23;"Khuyến mãi được hưởng

Giảm ngay 1,000,000đ áp dụng đến 24/11

Giảm đến 500,000đ cho Bao da/Bàn Phím, Bút cảm ứng của Apple khi mua kèm iPad 


Giảm thêm đến 2.5 triệu khi mua kèm SIM FPT FVIP150/F299/F399 6-12 tháng 


Trả góp 0%";"Khuyến mãi thanh toán

Xem tất cả

Giảm đến 1,000,000 đồng cho đơn hàng từ 3 triệu khi trả góp qua thẻ Techcombank MasterCard 

HSD: 31/01/2026";"Quà tặng và ưu đãi khác

Tặng phiếu mua hàng 200,000đ mua Microsoft® 365 Personal/Family khi mua kèm Máy tính xách tay/Macbook/iPad/PC 

Tặng phiếu mua hàng 50,000đ khi mua sim FPT kèm máy 


Ưu đãi

Giảm 5% mua camera cho đơn hàng Điện thoại/ Tablet từ 1 triệu 


Xem thêm 4 ưu đãi khác";https://fptshop.com.vn/may-tinh-bang/ipad-a16-5g;iPad_A16_5G_128GB_2025-11-23_15-11-00.png
MacBook Air 13 M3 2024 8CPU/8GPU/16GB/256GB;Xanh Đen;No;27990000;0;2025-11-23;;;;https://fptshop.com.vn/may-tinh-xach-tay/macbook-air-m3-13-2024-8cpu-8gpu-16gb-256gb;MacBook_Air_13_M3_2024_8CPU_8GPU_16GB_256GB_2025-11-23_15-11-02.png
iPad A16 WiFi 512GB;Hồng;No;18190000;16990000;2025-11-23;"Khuyến mãi được hưởng

Giảm ngay 1,200,000đ áp dụng đến 24/11

Giảm đến 500,000đ cho Bao da/Bàn Phím, Bút cảm ứng của Apple khi mua kèm iPad 


Trả góp 0%";"Khuyến mãi thanh toán

Xem tất cả

Giảm đến 1,000,000 đồng cho đơn hàng từ 3 triệu khi trả góp qua thẻ Techcombank MasterCard 

HSD: 31/01/2026";"Quà tặng và ưu đãi khác

Tặng phiếu mua hàng 200,000đ mua Microsoft® 365 Personal/Family khi mua kèm Máy tính xách tay/Macbook/iPad/PC 

Tặng phiếu mua hàng 50,000đ khi mua sim FPT kèm máy 


Ưu đãi

Giảm 5% mua camera cho đơn hàng Điện thoại/ Tablet từ 1 triệu 


Xem thêm 4 ưu đãi khác";https://fptshop.com.vn/may-tinh-bang/ipad-a16-wifi;iPad_A16_WiFi_512GB_2025-11-23_15-11-03.png
iPad A16 5G 256GB;Hồng;Yes;16790000;15290000;2025-11-23;"Khuyến mãi được hưởng

Giảm ngay 1,500,000đ áp dụng đến 24/11

Giảm đến 500,000đ cho Bao da/Bàn Phím, Bút cảm ứng của Apple khi mua kèm iPad 


Giảm thêm đến 2.5 triệu khi mua kèm SIM FPT FVIP150/F299/F399 6-12 tháng 


Trả góp 0%";"Khuyến mãi thanh toán

Xem tất cả

Giảm đến 1,000,000 đồng cho đơn hàng từ 3 triệu khi trả góp qua thẻ Techcombank MasterCard 

HSD: 31/01/2026";"Quà tặng và ưu đãi khác

Tặng phiếu mua hàng 200,000đ mua Microsoft® 365 Personal/Family khi mua kèm Máy tính xách tay/Macbook/iPad/PC 

Tặng phiếu mua hàng 50,000đ khi mua sim FPT kèm máy 


Ưu đãi

Giảm 5% mua camera cho đơn hàng Điện thoại/ Tablet từ 1 triệu 


Xem thêm 4 ưu đãi khác";https://fptshop.com.vn/may-tinh-bang/ipad-a16-5g;iPad_A16_5G_256GB_2025-11-23_15-11-03.png
MacBook Air 13 M3 2024 8CPU/8GPU/16GB/256GB;Xanh Đen;No;27990000;23990000;2025-11-23;"Khuyến mãi được hưởng

Giảm ngay 4,000,000đ áp dụng đến 24/11

Giảm đến 500,000đ cho Bàn Phím, Chuột của Apple khi mua kèm Macbook 


Trả góp 0%";"Khuyến mãi thanh toán

Xem tất cả

Giảm đến 1,000,000 đồng cho đơn hàng từ 3 triệu khi trả góp qua thẻ Techcombank MasterCard 

HSD: 31/01/2026";"Quà tặng và ưu đãi khác

Tặng mã ưu đãi 150,000đ mua Balo – Túi xách giá chỉ từ 49,000đ 


Tặng phiếu mua hàng 200,000đ mua màn hình (Hạn sử dụng 15 ngày) 


Tặng phiếu mua hàng 200,000đ mua Microsoft® 365 Personal/Family khi mua kèm Máy tính xách tay/Macbook/iPad/PC 

Xem thêm 2 ưu đãi khác";https://fptshop.com.vn/may-tinh-xach-tay/macbook-air-m3-13-2024-8cpu-8gpu-16gb-256gb;MacBook_Air_13_M3_2024_8CPU_8GPU_16GB_256GB_2025-11-23_15-11-05.png
iPad A16 5G 512GB;Xanh dương;No;22390000;20990000;2025-11-23;"Khuyến mãi được hưởng

Giảm ngay 1,400,000đ áp dụng đến 24/11

Giảm đến 500,000đ cho Bao da/Bàn Phím, Bút cảm ứng của Apple khi mua kèm iPad 


Giảm thêm đến 2.5 triệu khi mua kèm SIM FPT FVIP150/F299/F399 6-12 tháng 


Trả góp 0%";"Khuyến mãi thanh toán

Xem tất cả

Giảm đến 1,000,000 đồng cho đơn hàng từ 3 triệu khi trả góp qua thẻ Techcombank MasterCard 

HSD: 31/01/2026";"Quà tặng và ưu đãi khác

Tặng phiếu mua hàng 200,000đ mua Microsoft® 365 Personal/Family khi mua kèm Máy tính xách tay/Macbook/iPad/PC 

Tặng phiếu mua hàng 50,000đ khi mua sim FPT kèm máy 


Ưu đãi

Giảm 5% mua camera cho đơn hàng Điện thoại/ Tablet từ 1 triệu 


Xem thêm 4 ưu đãi khác";https://fptshop.com.vn/may-tinh-bang/ipad-a16-5g;iPad_A16_5G_512GB_2025-11-23_15-11-06.png
iPad Air 11 inch M3 2025 WiFi 128GB;Xám không gian;Yes;16690000;13490000;2025-11-23;"Khuyến mãi được hưởng

Giảm ngay 3,200,000đ áp dụng đến 24/11

Giảm đến 500,000đ cho Bao da/Bàn Phím, Bút cảm ứng của Apple khi mua kèm iPad 


Trả góp 0%";"Khuyến mãi thanh toán

Xem tất cả

Giảm đến 1,000,000 đồng cho đơn hàng từ 3 triệu khi trả góp qua thẻ Techcombank MasterCard 

HSD: 31/01/2026";"Quà tặng và ưu đãi khác

Tặng phiếu mua hàng 200,000đ mua Microsoft® 365 Personal/Family khi mua kèm Máy tính xách tay/Macbook/iPad/PC 

Tặng phiếu mua hàng 50,000đ khi mua sim FPT kèm máy 


Ưu đãi

Giảm 5% mua camera cho đơn hàng Điện thoại/ Tablet từ 1 triệu 


Xem thêm 4 ưu đãi khác";https://fptshop.com.vn/may-tinh-bang/ipad-air-11-inch-m3-2025-wifi;iPad_Air_11_inch_M3_2025_WiFi_128GB_2025-11-23_15-11-08.png
iPad Air 11 inch M3 2025 WiFi 256GB;Tím;Yes;19390000;16190000;2025-11-23;"Khuyến mãi được hưởng

Giảm ngay 3,200,000đ áp dụng đến 24/11

Giảm đến 500,000đ cho Bao da/Bàn Phím, Bút cảm ứng của Apple khi mua kèm iPad 


Trả góp 0%";"Khuyến mãi thanh toán

Xem tất cả

Giảm đến 1,000,000 đồng cho đơn hàng từ 3 triệu khi trả góp qua thẻ Techcombank MasterCard 

HSD: 31/01/2026";"Quà tặng và ưu đãi khác

Tặng phiếu mua hàng 200,000đ mua Microsoft® 365 Personal/Family khi mua kèm Máy tính xách tay/Macbook/iPad/PC 

Tặng phiếu mua hàng 50,000đ khi mua sim FPT kèm máy 


Ưu đãi

Giảm 5% mua camera cho đơn hàng Điện thoại/ Tablet từ 1 triệu 


Xem thêm 4 ưu đãi khác";https://fptshop.com.vn/may-tinh-bang/ipad-air-11-inch-m3-2025-wifi;iPad_Air_11_inch_M3_2025_WiFi_256GB_2025-11-23_15-11-11.png
iPad Air 13 inch M3 2025 WiFi 128GB;Tím;Yes;22090000;18890000;2025-11-23;"Khuyến mãi được hưởng

Giảm ngay 3,200,000đ áp dụng đến 24/11

Giảm đến 500,000đ cho Bao da/Bàn Phím, Bút cảm ứng của Apple khi mua kèm iPad 


Trả góp 0%";"Khuyến mãi thanh toán

Xem tất cả

Giảm đến 1,000,000 đồng cho đơn hàng từ 3 triệu khi trả góp qua thẻ Techcombank MasterCard 

HSD: 31/01/2026";"Quà tặng và ưu đãi khác

Tặng phiếu mua hàng 200,000đ mua Microsoft® 365 Personal/Family khi mua kèm Máy tính xách tay/Macbook/iPad/PC 

Tặng phiếu mua hàng 50,000đ khi mua sim FPT kèm máy 


Ưu đãi

Giảm 5% mua camera cho đơn hàng Điện thoại/ Tablet từ 1 triệu 


Xem thêm 4 ưu đãi khác";https://fptshop.com.vn/may-tinh-bang/ipad-air-13-inch-m3-2025-wifi;iPad_Air_13_inch_M3_2025_WiFi_128GB_2025-11-23_15-11-13.png
iPad Air 11 inch M3 2025 WiFi 512GB;Xám không gian;No;24990000;21590000;2025-11-23;"Khuyến mãi được hưởng

Giảm ngay 3,400,000đ áp dụng đến 24/11

Giảm đến 500,000đ cho Bao da/Bàn Phím, Bút cảm ứng của Apple khi mua kèm iPad 


Trả góp 0%";"Khuyến mãi thanh toán

Xem tất cả

Giảm đến 1,000,000 đồng cho đơn hàng từ 3 triệu khi trả góp qua thẻ Techcombank MasterCard 

HSD: 31/01/2026";"Quà tặng và ưu đãi khác

Tặng phiếu mua hàng 200,000đ mua Microsoft® 365 Personal/Family khi mua kèm Máy tính xách tay/Macbook/iPad/PC 

Tặng phiếu mua hàng 50,000đ khi mua sim FPT kèm máy 


Ưu đãi

Giảm 5% mua camera cho đơn hàng Điện thoại/ Tablet từ 1 triệu 


Xem thêm 4 ưu đãi khác";https://fptshop.com.vn/may-tinh-bang/ipad-air-11-inch-m3-2025-wifi;iPad_Air_11_inch_M3_2025_WiFi_512GB_2025-11-23_15-11-13.png
iPad mini 7 2024 Wifi 128GB;Xám không gian;Yes;13790000;11790000;2025-11-23;"Khuyến mãi được hưởng

Giảm ngay 2,000,000đ áp dụng đến 24/11

Giảm đến 500,000đ cho Bao da/Bàn Phím, Bút cảm ứng của Apple khi mua kèm iPad 


Trả góp 0%";"Khuyến mãi thanh toán

Xem tất cả

Giảm đến 1,000,000 đồng cho đơn hàng từ 3 triệu khi trả góp qua thẻ Techcombank MasterCard 

HSD: 31/01/2026";"Quà tặng và ưu đãi khác

Tặng phiếu mua hàng 200,000đ mua Microsoft® 365 Personal/Family khi mua kèm Máy tính xách tay/Macbook/iPad/PC 

Tặng phiếu mua hàng 50,000đ khi mua sim FPT kèm máy 


Ưu đãi

Giảm 5% mua camera cho đơn hàng Điện thoại/ Tablet từ 1 triệu 


Xem thêm 4 ưu đãi khác";https://fptshop.com.vn/may-tinh-bang/ipad-mini-7-2024-wifi;iPad_mini_7_2024_Wifi_128GB_2025-11-23_15-11-13.png
Apple Watch Series 11 GPS 46mm Viền nhôm dây cao su;Đen bóng;Yes;12350000;12350000;2025-11-23;"Khuyến mãi được hưởng

Dây đeo giảm ngay 300,000đ khi mua kèm Apple Watch 


Trả góp 0%";;"Quà tặng và ưu đãi khác
Ưu đãi

Giảm thêm 400,000đ khi mua kèm iPhone 17 Series/iPhone Air và 1 số iPhone 13/14/15/16 

Trả góp 0% lãi suất, MIỄN PHÍ chuyển đổi kì hạn 3 - 6 tháng qua thẻ tín dụng";https://fptshop.com.vn/smartwatch/apple-watch-series-11-gps-46mm-vien-nhom-day-cao-su;Apple_Watch_Series_11_GPS_46mm_Viền_nhôm_dây_cao_su_2025-11-23_15-11-15.png
iPad Air 13 inch M3 2025 WiFi 256GB;Xanh dương;Yes;24790000;21990000;2025-11-23;"Khuyến mãi được hưởng

Giảm ngay 2,800,000đ áp dụng đến 24/11

Giảm đến 500,000đ cho Bao da/Bàn Phím, Bút cảm ứng của Apple khi mua kèm iPad 


Trả góp 0%";"Khuyến mãi thanh toán

Xem tất cả

Giảm đến 1,000,000 đồng cho đơn hàng từ 3 triệu khi trả góp qua thẻ Techcombank MasterCard 

HSD: 31/01/2026";"Quà tặng và ưu đãi khác

Tặng phiếu mua hàng 200,000đ mua Microsoft® 365 Personal/Family khi mua kèm Máy tính xách tay/Macbook/iPad/PC 

Tặng phiếu mua hàng 50,000đ khi mua sim FPT kèm máy 


Ưu đãi

Giảm 5% mua camera cho đơn hàng Điện thoại/ Tablet từ 1 triệu 


Xem thêm 4 ưu đãi khác";https://fptshop.com.vn/may-tinh-bang/ipad-air-13-inch-m3-2025-wifi;iPad_Air_13_inch_M3_2025_WiFi_256GB_2025-11-23_15-11-15.png
iPad Air 11 inch M3 2025 WiFi 1TB;Xám không gian;No;30590000;26690000;2025-11-23;"Khuyến mãi được hưởng

Giảm ngay 3,900,000đ áp dụng đến 24/11

Giảm đến 500,000đ cho Bao da/Bàn Phím, Bút cảm ứng của Apple khi mua kèm iPad 


Trả góp 0%";"Khuyến mãi thanh toán

Xem tất cả

Giảm đến 1,000,000 đồng cho đơn hàng từ 3 triệu khi trả góp qua thẻ Techcombank MasterCard 

HSD: 31/01/2026";"Quà tặng và ưu đãi khác

Tặng phiếu mua hàng 200,000đ mua Microsoft® 365 Personal/Family khi mua kèm Máy tính xách tay/Macbook/iPad/PC 

Tặng phiếu mua hàng 50,000đ khi mua sim FPT kèm máy 


Ưu đãi

Giảm 5% mua camera cho đơn hàng Điện thoại/ Tablet từ 1 triệu 


Xem thêm 3 ưu đãi khác";https://fptshop.com.vn/may-tinh-bang/ipad-air-11-inch-m3-2025-wifi;iPad_Air_11_inch_M3_2025_WiFi_1TB_2025-11-23_15-11-16.png
iPad mini 7 2024 Wifi 256GB;Xanh dương;Yes;16490000;14190000;2025-11-23;"Khuyến mãi được hưởng

Giảm ngay 2,300,000đ áp dụng đến 24/11

Giảm đến 500,000đ cho Bao da/Bàn Phím, Bút cảm ứng của Apple khi mua kèm iPad 


Trả góp 0%";"Khuyến mãi thanh toán

Xem tất cả

Giảm đến 1,000,000 đồng cho đơn hàng từ 3 triệu khi trả góp qua thẻ Techcombank MasterCard 

HSD: 31/01/2026";"Quà tặng và ưu đãi khác

Tặng phiếu mua hàng 200,000đ mua Microsoft® 365 Personal/Family khi mua kèm Máy tính xách tay/Macbook/iPad/PC 

Tặng phiếu mua hàng 50,000đ khi mua sim FPT kèm máy 


Ưu đãi

Giảm 5% mua camera cho đơn hàng Điện thoại/ Tablet từ 1 triệu 


Xem thêm 4 ưu đãi khác";https://fptshop.com.vn/may-tinh-bang/ipad-mini-7-2024-wifi;iPad_mini_7_2024_Wifi_256GB_2025-11-23_15-11-16.png
Apple Watch Series 11 GPS 46mm Viền nhôm dây cao su;Đen bóng;Yes;12350000;12350000;2025-11-23;"Khuyến mãi được hưởng

Dây đeo giảm ngay 300,000đ khi mua kèm Apple Watch 


Trả góp 0%";;"Quà tặng và ưu đãi khác
Ưu đãi

Giảm thêm 400,000đ khi mua kèm iPhone 17 Series/iPhone Air và 1 số iPhone 13/14/15/16 

Trả góp 0% lãi suất, MIỄN PHÍ chuyển đổi kì hạn 3 - 6 tháng qua thẻ tín dụng";https://fptshop.com.vn/smartwatch/apple-watch-series-11-gps-46mm-vien-nhom-day-cao-su;Apple_Watch_Series_11_GPS_46mm_Viền_nhôm_dây_cao_su_2025-11-23_15-11-18.png
iPad Air 13 inch M3 2025 WiFi 512GB;Xanh dương;Yes;30490000;26990000;2025-11-23;"Khuyến mãi được hưởng

Giảm ngay 3,500,000đ áp dụng đến 24/11

Giảm đến 500,000đ cho Bao da/Bàn Phím, Bút cảm ứng của Apple khi mua kèm iPad 


Trả góp 0%";"Khuyến mãi thanh toán

Xem tất cả

Giảm đến 1,000,000 đồng cho đơn hàng từ 3 triệu khi trả góp qua thẻ Techcombank MasterCard 

HSD: 31/01/2026";"Quà tặng và ưu đãi khác

Tặng phiếu mua hàng 200,000đ mua Microsoft® 365 Personal/Family khi mua kèm Máy tính xách tay/Macbook/iPad/PC 

Tặng phiếu mua hàng 50,000đ khi mua sim FPT kèm máy 


Ưu đãi

Giảm 5% mua camera cho đơn hàng Điện thoại/ Tablet từ 1 triệu 


Xem thêm 3 ưu đãi khác";https://fptshop.com.vn/may-tinh-bang/ipad-air-13-inch-m3-2025-wifi;iPad_Air_13_inch_M3_2025_WiFi_512GB_2025-11-23_15-11-18.png
iPad mini 7 2024 Wifi 512GB;Xám không gian;Yes;21590000;19590000;2025-11-23;"Khuyến mãi được hưởng

Giảm ngay 2,000,000đ áp dụng đến 24/11

Giảm đến 500,000đ cho Bao da/Bàn Phím, Bút cảm ứng của Apple khi mua kèm iPad 


Trả góp 0%";"Khuyến mãi thanh toán

Xem tất cả

Giảm đến 1,000,000 đồng cho đơn hàng từ 3 triệu khi trả góp qua thẻ Techcombank MasterCard 

HSD: 31/01/2026";"Quà tặng và ưu đãi khác

Tặng phiếu mua hàng 200,000đ mua Microsoft® 365 Personal/Family khi mua kèm Máy tính xách tay/Macbook/iPad/PC 

Tặng phiếu mua hàng 50,000đ khi mua sim FPT kèm máy 


Ưu đãi

Giảm 5% mua camera cho đơn hàng Điện thoại/ Tablet từ 1 triệu 


Xem thêm 4 ưu đãi khác";https://fptshop.com.vn/may-tinh-bang/ipad-mini-7-2024-wifi;iPad_mini_7_2024_Wifi_512GB_2025-11-23_15-11-19.png
Apple Watch Series 11 GPS 46mm Viền nhôm dây cao su;Đen bóng;Yes;12350000;12350000;2025-11-23;"Khuyến mãi được hưởng

Dây đeo giảm ngay 300,000đ khi mua kèm Apple Watch 


Trả góp 0%";;"Quà tặng và ưu đãi khác
Ưu đãi

Giảm thêm 400,000đ khi mua kèm iPhone 17 Series/iPhone Air và 1 số iPhone 13/14/15/16 

Trả góp 0% lãi suất, MIỄN PHÍ chuyển đổi kì hạn 3 - 6 tháng qua thẻ tín dụng";https://fptshop.com.vn/smartwatch/apple-watch-series-11-gps-46mm-vien-nhom-day-cao-su;Apple_Watch_Series_11_GPS_46mm_Viền_nhôm_dây_cao_su_2025-11-23_15-11-20.png
iPad Air 13 inch M3 2025 WiFi 1TB;Tím;No;35990000;32490000;2025-11-23;"Khuyến mãi được hưởng

Giảm ngay 3,500,000đ áp dụng đến 24/11

Giảm đến 500,000đ cho Bao da/Bàn Phím, Bút cảm ứng của Apple khi mua kèm iPad 


Trả góp 0%";"Khuyến mãi thanh toán

Xem tất cả

Giảm đến 1,000,000 đồng cho đơn hàng từ 3 triệu khi trả góp qua thẻ Techcombank MasterCard 

HSD: 31/01/2026";"Quà tặng và ưu đãi khác

Tặng phiếu mua hàng 200,000đ mua Microsoft® 365 Personal/Family khi mua kèm Máy tính xách tay/Macbook/iPad/PC 

Tặng phiếu mua hàng 50,000đ khi mua sim FPT kèm máy 


Ưu đãi

Giảm 5% mua camera cho đơn hàng Điện thoại/ Tablet từ 1 triệu 


Xem thêm 3 ưu đãi khác";https://fptshop.com.vn/may-tinh-bang/ipad-air-13-inch-m3-2025-wifi;iPad_Air_13_inch_M3_2025_WiFi_1TB_2025-11-23_15-11-20.png
Apple Watch Series 11 GPS 46mm Viền nhôm dây cao su;Đen bóng;Yes;12350000;12350000;2025-11-23;"Khuyến mãi được hưởng

Dây đeo giảm ngay 300,000đ khi mua kèm Apple Watch 


Trả góp 0%";;"Quà tặng và ưu đãi khác
Ưu đãi

Giảm thêm 400,000đ khi mua kèm iPhone 17 Series/iPhone Air và 1 số iPhone 13/14/15/16 

Trả góp 0% lãi suất, MIỄN PHÍ chuyển đổi kì hạn 3 - 6 tháng qua thẻ tín dụng";https://fptshop.com.vn/smartwatch/apple-watch-series-11-gps-46mm-vien-nhom-day-cao-su;Apple_Watch_Series_11_GPS_46mm_Viền_nhôm_dây_cao_su_2025-11-23_15-11-23.png
Apple Watch Series 11 GPS 42mm Viền nhôm dây cao su;Vàng hồng;Yes;11490000;11490000;2025-11-23;"Khuyến mãi được hưởng

Dây đeo giảm ngay 300,000đ khi mua kèm Apple Watch 


Trả góp 0%";;"Quà tặng và ưu đãi khác
Ưu đãi

Giảm thêm 400,000đ khi mua kèm iPhone 17 Series/iPhone Air và 1 số iPhone 13/14/15/16 

Trả góp 0% lãi suất, MIỄN PHÍ chuyển đổi kì hạn 3 - 6 tháng qua thẻ tín dụng";https://fptshop.com.vn/smartwatch/apple-watch-series-11-gps-42mm-vien-nhom-day-cao-su;Apple_Watch_Series_11_GPS_42mm_Viền_nhôm_dây_cao_su_2025-11-23_15-11-26.png
Apple Watch Series 11 GPS 42mm Viền nhôm dây cao su;Vàng hồng;Yes;11490000;11490000;2025-11-23;"Khuyến mãi được hưởng

Dây đeo giảm ngay 300,000đ khi mua kèm Apple Watch 


Trả góp 0%";;"Quà tặng và ưu đãi khác
Ưu đãi

Giảm thêm 400,000đ khi mua kèm iPhone 17 Series/iPhone Air và 1 số iPhone 13/14/15/16 

Trả góp 0% lãi suất, MIỄN PHÍ chuyển đổi kì hạn 3 - 6 tháng qua thẻ tín dụng";https://fptshop.com.vn/smartwatch/apple-watch-series-11-gps-42mm-vien-nhom-day-cao-su;Apple_Watch_Series_11_GPS_42mm_Viền_nhôm_dây_cao_su_2025-11-23_15-11-28.png
Apple Watch Series 11 GPS + Cellular 42mm Viền nhôm dây cao su;Vàng hồng;Yes;14490000;14490000;2025-11-23;"Khuyến mãi được hưởng

Dây đeo giảm ngay 300,000đ khi mua kèm Apple Watch 


Trả góp 0%";;"Quà tặng và ưu đãi khác
Ưu đãi

Giảm thêm 500,000đ khi mua kèm iPhone 17 Series/iPhone Air và 1 số iPhone 13/14/15/16 

Trả góp 0% lãi suất, MIỄN PHÍ chuyển đổi kì hạn 3 - 6 tháng qua thẻ tín dụng";https://fptshop.com.vn/smartwatch/apple-watch-series-11-gps-cellular-42mm-vien-nhom-day-cao-su;Apple_Watch_Series_11_GPS___Cellular_42mm_Viền_nhôm_dây_cao_su_2025-11-23_15-11-28.png
Apple Watch Series 11 GPS + Cellular 46mm Viền nhôm dây cao su;Đen bóng;Yes;15350000;15350000;2025-11-23;"Khuyến mãi được hưởng

Dây đeo giảm ngay 300,000đ khi mua kèm Apple Watch 


Trả góp 0%";;"Quà tặng và ưu đãi khác
Ưu đãi

Giảm thêm 500,000đ khi mua kèm iPhone 17 Series/iPhone Air và 1 số iPhone 13/14/15/16 

Trả góp 0% lãi suất, MIỄN PHÍ chuyển đổi kì hạn 3 - 6 tháng qua thẻ tín dụng";https://fptshop.com.vn/smartwatch/apple-watch-series-11-gps-cellular-46mm-vien-nhom-day-cao-su;Apple_Watch_Series_11_GPS___Cellular_46mm_Viền_nhôm_dây_cao_su_2025-11-23_15-11-30.png
Apple Watch Series 11 GPS 42mm Viền nhôm dây cao su;Vàng hồng;Yes;11490000;11490000;2025-11-23;"Khuyến mãi được hưởng

Dây đeo giảm ngay 300,000đ khi mua kèm Apple Watch 


Trả góp 0%";;"Quà tặng và ưu đãi khác
Ưu đãi

Giảm thêm 400,000đ khi mua kèm iPhone 17 Series/iPhone Air và 1 số iPhone 13/14/15/16 

Trả góp 0% lãi suất, MIỄN PHÍ chuyển đổi kì hạn 3 - 6 tháng qua thẻ tín dụng";https://fptshop.com.vn/smartwatch/apple-watch-series-11-gps-42mm-vien-nhom-day-cao-su;Apple_Watch_Series_11_GPS_42mm_Viền_nhôm_dây_cao_su_2025-11-23_15-11-30.png
Apple Watch Series 11 GPS + Cellular 42mm Viền nhôm dây cao su;Vàng hồng;Yes;14490000;14490000;2025-11-23;"Khuyến mãi được hưởng

Dây đeo giảm ngay 300,000đ khi mua kèm Apple Watch 


Trả góp 0%";;"Quà tặng và ưu đãi khác
Ưu đãi

Giảm thêm 500,000đ khi mua kèm iPhone 17 Series/iPhone Air và 1 số iPhone 13/14/15/16 

Trả góp 0% lãi suất, MIỄN PHÍ chuyển đổi kì hạn 3 - 6 tháng qua thẻ tín dụng";https://fptshop.com.vn/smartwatch/apple-watch-series-11-gps-cellular-42mm-vien-nhom-day-cao-su;Apple_Watch_Series_11_GPS___Cellular_42mm_Viền_nhôm_dây_cao_su_2025-11-23_15-11-31.png
Apple Watch Series 10 GPS 46mm Viền nhôm Dây cao su cỡ S/M;Đen Bóng;Yes;11590000;10990000;2025-11-23;"Khuyến mãi được hưởng

Giảm ngay 600,000đ áp dụng đến 24/11

Dây đeo giảm ngay 300,000đ khi mua kèm Apple Watch 


Trả góp 0%";"Khuyến mãi thanh toán

Xem tất cả

Giảm đến 1,000,000 đồng cho đơn hàng từ 3 triệu khi trả góp qua thẻ Techcombank MasterCard 

HSD: 31/01/2026";"Quà tặng và ưu đãi khác
Ưu đãi

Giảm thêm 300,000đ khi mua kèm iPhone 17 Series/iPhone Air và 1 số iPhone 13/14/15/16 

Trả góp 0% lãi suất, MIỄN PHÍ chuyển đổi kì hạn 3 - 6 tháng qua thẻ tín dụng 

HOÀN NGAY 100% phí chuyển đổi trả góp, trị giá lên đến 3.500.000 khi mở và thanh toán bằng TP Bank EVO";https://fptshop.com.vn/smartwatch/apple-watch-series-10-gps-45mm-vien-nhom-day-cao-su-co-sm;Apple_Watch_Series_10_GPS_46mm_Viền_nhôm_Dây_cao_su_cỡ_S_M_2025-11-23_15-11-32.png
Apple Watch Series 11 GPS + Cellular 46mm Viền nhôm dây cao su;Đen bóng;Yes;15350000;15350000;2025-11-23;"Khuyến mãi được hưởng

Dây đeo giảm ngay 300,000đ khi mua kèm Apple Watch 


Trả góp 0%";;"Quà tặng và ưu đãi khác
Ưu đãi

Giảm thêm 500,000đ khi mua kèm iPhone 17 Series/iPhone Air và 1 số iPhone 13/14/15/16 

Trả góp 0% lãi suất, MIỄN PHÍ chuyển đổi kì hạn 3 - 6 tháng qua thẻ tín dụng";https://fptshop.com.vn/smartwatch/apple-watch-series-11-gps-cellular-46mm-vien-nhom-day-cao-su;Apple_Watch_Series_11_GPS___Cellular_46mm_Viền_nhôm_dây_cao_su_2025-11-23_15-11-32.png
Apple Watch Series 11 GPS 42mm Viền nhôm dây cao su;Vàng hồng;Yes;11490000;11490000;2025-11-23;"Khuyến mãi được hưởng

Dây đeo giảm ngay 300,000đ khi mua kèm Apple Watch 


Trả góp 0%";;"Quà tặng và ưu đãi khác
Ưu đãi

Giảm thêm 400,000đ khi mua kèm iPhone 17 Series/iPhone Air và 1 số iPhone 13/14/15/16 

Trả góp 0% lãi suất, MIỄN PHÍ chuyển đổi kì hạn 3 - 6 tháng qua thẻ tín dụng";https://fptshop.com.vn/smartwatch/apple-watch-series-11-gps-42mm-vien-nhom-day-cao-su;Apple_Watch_Series_11_GPS_42mm_Viền_nhôm_dây_cao_su_2025-11-23_15-11-33.png
Apple Watch Series 11 GPS + Cellular 42mm Viền nhôm dây cao su;Vàng hồng;Yes;14490000;14490000;2025-11-23;"Khuyến mãi được hưởng

Dây đeo giảm ngay 300,000đ khi mua kèm Apple Watch 


Trả góp 0%";;"Quà tặng và ưu đãi khác
Ưu đãi

Giảm thêm 500,000đ khi mua kèm iPhone 17 Series/iPhone Air và 1 số iPhone 13/14/15/16 

Trả góp 0% lãi suất, MIỄN PHÍ chuyển đổi kì hạn 3 - 6 tháng qua thẻ tín dụng";https://fptshop.com.vn/smartwatch/apple-watch-series-11-gps-cellular-42mm-vien-nhom-day-cao-su;Apple_Watch_Series_11_GPS___Cellular_42mm_Viền_nhôm_dây_cao_su_2025-11-23_15-11-33.png
Apple Watch Series 10 GPS 46mm Viền nhôm Dây cao su cỡ S/M;Đen Bóng;Yes;11590000;10990000;2025-11-23;"Khuyến mãi được hưởng

Giảm ngay 600,000đ áp dụng đến 24/11

Dây đeo giảm ngay 300,000đ khi mua kèm Apple Watch 


Trả góp 0%";"Khuyến mãi thanh toán

Xem tất cả

Giảm đến 1,000,000 đồng cho đơn hàng từ 3 triệu khi trả góp qua thẻ Techcombank MasterCard 

HSD: 31/01/2026";"Quà tặng và ưu đãi khác
Ưu đãi

Giảm thêm 300,000đ khi mua kèm iPhone 17 Series/iPhone Air và 1 số iPhone 13/14/15/16 

Trả góp 0% lãi suất, MIỄN PHÍ chuyển đổi kì hạn 3 - 6 tháng qua thẻ tín dụng 

HOÀN NGAY 100% phí chuyển đổi trả góp, trị giá lên đến 3.500.000 khi mở và thanh toán bằng TP Bank EVO";https://fptshop.com.vn/smartwatch/apple-watch-series-10-gps-45mm-vien-nhom-day-cao-su-co-sm;Apple_Watch_Series_10_GPS_46mm_Viền_nhôm_Dây_cao_su_cỡ_S_M_2025-11-23_15-11-34.png
Apple Watch Series 11 GPS + Cellular 46mm Viền nhôm dây cao su;Đen bóng;Yes;15350000;15350000;2025-11-23;"Khuyến mãi được hưởng

Dây đeo giảm ngay 300,000đ khi mua kèm Apple Watch 


Trả góp 0%";;"Quà tặng và ưu đãi khác
Ưu đãi

Giảm thêm 500,000đ khi mua kèm iPhone 17 Series/iPhone Air và 1 số iPhone 13/14/15/16 

Trả góp 0% lãi suất, MIỄN PHÍ chuyển đổi kì hạn 3 - 6 tháng qua thẻ tín dụng";https://fptshop.com.vn/smartwatch/apple-watch-series-11-gps-cellular-46mm-vien-nhom-day-cao-su;Apple_Watch_Series_11_GPS___Cellular_46mm_Viền_nhôm_dây_cao_su_2025-11-23_15-11-35.png
Apple Watch Series 11 GPS + Cellular 42mm Viền nhôm dây cao su;Vàng hồng;Yes;14490000;14490000;2025-11-23;"Khuyến mãi được hưởng

Dây đeo giảm ngay 300,000đ khi mua kèm Apple Watch 


Trả góp 0%";;"Quà tặng và ưu đãi khác
Ưu đãi

Giảm thêm 500,000đ khi mua kèm iPhone 17 Series/iPhone Air và 1 số iPhone 13/14/15/16 

Trả góp 0% lãi suất, MIỄN PHÍ chuyển đổi kì hạn 3 - 6 tháng qua thẻ tín dụng";https://fptshop.com.vn/smartwatch/apple-watch-series-11-gps-cellular-42mm-vien-nhom-day-cao-su;Apple_Watch_Series_11_GPS___Cellular_42mm_Viền_nhôm_dây_cao_su_2025-11-23_15-11-35.png
Apple Watch Series 10 GPS 46mm Viền nhôm Dây cao su cỡ S/M;Đen Bóng;No;11590000;11290000;2025-11-23;"Khuyến mãi được hưởng

Giảm ngay 300,000đ áp dụng đến 24/11

Dây đeo giảm ngay 300,000đ khi mua kèm Apple Watch 


Trả góp 0%";"Khuyến mãi thanh toán

Xem tất cả

Giảm đến 1,000,000 đồng cho đơn hàng từ 3 triệu khi trả góp qua thẻ Techcombank MasterCard 

HSD: 31/01/2026";"Quà tặng và ưu đãi khác
Ưu đãi

Giảm thêm 300,000đ khi mua kèm iPhone 17 Series/iPhone Air và 1 số iPhone 13/14/15/16 

Trả góp 0% lãi suất, MIỄN PHÍ chuyển đổi kì hạn 3 - 6 tháng qua thẻ tín dụng 

HOÀN NGAY 100% phí chuyển đổi trả góp, trị giá lên đến 3.500.000 khi mở và thanh toán bằng TP Bank EVO";https://fptshop.com.vn/smartwatch/apple-watch-series-10-gps-45mm-vien-nhom-day-cao-su-co-sm;Apple_Watch_Series_10_GPS_46mm_Viền_nhôm_Dây_cao_su_cỡ_S_M_2025-11-23_15-11-37.png
Apple Watch Series 11 GPS + Cellular 46mm Viền nhôm dây cao su;Đen bóng;Yes;15350000;15350000;2025-11-23;"Khuyến mãi được hưởng

Dây đeo giảm ngay 300,000đ khi mua kèm Apple Watch 


Trả góp 0%";;"Quà tặng và ưu đãi khác
Ưu đãi

Giảm thêm 500,000đ khi mua kèm iPhone 17 Series/iPhone Air và 1 số iPhone 13/14/15/16 

Trả góp 0% lãi suất, MIỄN PHÍ chuyển đổi kì hạn 3 - 6 tháng qua thẻ tín dụng";https://fptshop.com.vn/smartwatch/apple-watch-series-11-gps-cellular-46mm-vien-nhom-day-cao-su;Apple_Watch_Series_11_GPS___Cellular_46mm_Viền_nhôm_dây_cao_su_2025-11-23_15-11-37.png
Apple Watch Series 10 GPS 46mm Viền nhôm Dây cao su cỡ M/L;Đen Bóng;Yes;11590000;10990000;2025-11-23;"Khuyến mãi được hưởng

Giảm ngay 600,000đ áp dụng đến 24/11

Dây đeo giảm ngay 300,000đ khi mua kèm Apple Watch 


Trả góp 0%";"Khuyến mãi thanh toán

Xem tất cả

Giảm đến 1,000,000 đồng cho đơn hàng từ 3 triệu khi trả góp qua thẻ Techcombank MasterCard 

HSD: 31/01/2026";"Quà tặng và ưu đãi khác
Ưu đãi

Giảm thêm 300,000đ khi mua kèm iPhone 17 Series/iPhone Air và 1 số iPhone 13/14/15/16 

Trả góp 0% lãi suất, MIỄN PHÍ chuyển đổi kì hạn 3 - 6 tháng qua thẻ tín dụng 

HOÀN NGAY 100% phí chuyển đổi trả góp, trị giá lên đến 3.500.000 khi mở và thanh toán bằng TP Bank EVO";https://fptshop.com.vn/smartwatch/apple-watch-series-10-gps-46mm-vien-nhom-day-cao-su-co-m-l;Apple_Watch_Series_10_GPS_46mm_Viền_nhôm_Dây_cao_su_cỡ_M_L_2025-11-23_15-11-42.png
Apple Watch Series 10 GPS 46mm Viền nhôm Dây cao su cỡ M/L;Đen Bóng;No;11590000;11290000;2025-11-23;"Khuyến mãi được hưởng

Giảm ngay 300,000đ áp dụng đến 24/11

Dây đeo giảm ngay 300,000đ khi mua kèm Apple Watch 


Trả góp 0%";"Khuyến mãi thanh toán

Xem tất cả

Giảm đến 1,000,000 đồng cho đơn hàng từ 3 triệu khi trả góp qua thẻ Techcombank MasterCard 

HSD: 31/01/2026";"Quà tặng và ưu đãi khác
Ưu đãi

Giảm thêm 300,000đ khi mua kèm iPhone 17 Series/iPhone Air và 1 số iPhone 13/14/15/16 

Trả góp 0% lãi suất, MIỄN PHÍ chuyển đổi kì hạn 3 - 6 tháng qua thẻ tín dụng 

HOÀN NGAY 100% phí chuyển đổi trả góp, trị giá lên đến 3.500.000 khi mở và thanh toán bằng TP Bank EVO";https://fptshop.com.vn/smartwatch/apple-watch-series-10-gps-46mm-vien-nhom-day-cao-su-co-m-l;Apple_Watch_Series_10_GPS_46mm_Viền_nhôm_Dây_cao_su_cỡ_M_L_2025-11-23_15-11-44.png
Apple Watch Series 10 GPS + Cellular 46mm Viền nhôm Dây cao su cỡ S/M;Bạc;Yes;14090000;13690000;2025-11-23;"Khuyến mãi được hưởng

Giảm ngay 400,000đ áp dụng đến 24/11

Dây đeo giảm ngay 300,000đ khi mua kèm Apple Watch 


Trả góp 0%";"Khuyến mãi thanh toán

Xem tất cả

Giảm đến 1,000,000 đồng cho đơn hàng từ 3 triệu khi trả góp qua thẻ Techcombank MasterCard 

HSD: 31/01/2026";"Quà tặng và ưu đãi khác
Ưu đãi

Giảm thêm 400,000đ khi mua kèm iPhone 17 Series/iPhone Air và 1 số iPhone 13/14/15/16 

Trả góp 0% lãi suất, MIỄN PHÍ chuyển đổi kì hạn 3 - 6 tháng qua thẻ tín dụng 

HOÀN NGAY 100% phí chuyển đổi trả góp, trị giá lên đến 3.500.000 khi mở và thanh toán bằng TP Bank EVO";https://fptshop.com.vn/smartwatch/apple-watch-series-10-gps-cellular-45mm-vien-nhom-day-cao-su-co-sm;Apple_Watch_Series_10_GPS___Cellular_46mm_Viền_nhôm_Dây_cao_su_cỡ_S_M_2025-11-23_15-11-44.png
Apple Watch SE 3 GPS 40mm Viền nhôm dây cao su;Ánh sao;Yes;6990000;6690000;2025-11-23;"Khuyến mãi được hưởng

Giảm ngay 300,000đ áp dụng đến 24/11

Dây đeo giảm ngay 300,000đ khi mua kèm Apple Watch 


Trả góp 0%";;"Quà tặng và ưu đãi khác
Ưu đãi

Giảm thêm 300,000đ khi mua kèm iPhone 17 Series/iPhone Air và 1 số iPhone 13/14/15/16 

Trả góp 0% lãi suất, MIỄN PHÍ chuyển đổi kì hạn 3 - 6 tháng qua thẻ tín dụng";https://fptshop.com.vn/smartwatch/apple-watch-se-3-gps-40mm-vien-nhom-day-cao-su;Apple_Watch_SE_3_GPS_40mm_Viền_nhôm_dây_cao_su_2025-11-23_15-11-46.png
Apple Watch Series 10 GPS + Cellular 42mm Viền nhôm Dây cao su cỡ S/M;Vàng Hồng;Yes;13290000;12790000;2025-11-23;"Khuyến mãi được hưởng

Giảm ngay 500,000đ áp dụng đến 24/11

Dây đeo giảm ngay 300,000đ khi mua kèm Apple Watch 


Trả góp 0%";"Khuyến mãi thanh toán

Xem tất cả

Giảm đến 1,000,000 đồng cho đơn hàng từ 3 triệu khi trả góp qua thẻ Techcombank MasterCard 

HSD: 31/01/2026";"Quà tặng và ưu đãi khác
Ưu đãi

Giảm thêm 400,000đ khi mua kèm iPhone 17 Series/iPhone Air và 1 số iPhone 13/14/15/16 

Trả góp 0% lãi suất, MIỄN PHÍ chuyển đổi kì hạn 3 - 6 tháng qua thẻ tín dụng 

HOÀN NGAY 100% phí chuyển đổi trả góp, trị giá lên đến 3.500.000 khi mở và thanh toán bằng TP Bank EVO";https://fptshop.com.vn/smartwatch/apple-watch-series-10-gps-cellular-41mm-vien-nhom-day-cao-su-co-sm;Apple_Watch_Series_10_GPS___Cellular_42mm_Viền_nhôm_Dây_cao_su_cỡ_S_M_2025-11-23_15-11-46.png
Apple Watch Series 10 GPS + Cellular 46mm Viền nhôm Dây cao su cỡ S/M;Bạc;No;14090000;13690000;2025-11-23;"Khuyến mãi được hưởng

Giảm ngay 400,000đ áp dụng đến 24/11

Dây đeo giảm ngay 300,000đ khi mua kèm Apple Watch 


Trả góp 0%";"Khuyến mãi thanh toán

Xem tất cả

Giảm đến 1,000,000 đồng cho đơn hàng từ 3 triệu khi trả góp qua thẻ Techcombank MasterCard 

HSD: 31/01/2026";"Quà tặng và ưu đãi khác
Ưu đãi

Giảm thêm 400,000đ khi mua kèm iPhone 17 Series/iPhone Air và 1 số iPhone 13/14/15/16 

Trả góp 0% lãi suất, MIỄN PHÍ chuyển đổi kì hạn 3 - 6 tháng qua thẻ tín dụng 

HOÀN NGAY 100% phí chuyển đổi trả góp, trị giá lên đến 3.500.000 khi mở và thanh toán bằng TP Bank EVO";https://fptshop.com.vn/smartwatch/apple-watch-series-10-gps-cellular-45mm-vien-nhom-day-cao-su-co-sm;Apple_Watch_Series_10_GPS___Cellular_46mm_Viền_nhôm_Dây_cao_su_cỡ_S_M_2025-11-23_15-11-47.png
Apple Watch SE 3 GPS 40mm Viền nhôm dây cao su;Ánh sao;Yes;6990000;6690000;2025-11-23;"Khuyến mãi được hưởng

Giảm ngay 300,000đ áp dụng đến 24/11

Dây đeo giảm ngay 300,000đ khi mua kèm Apple Watch 


Trả góp 0%";;"Quà tặng và ưu đãi khác
Ưu đãi

Giảm thêm 300,000đ khi mua kèm iPhone 17 Series/iPhone Air và 1 số iPhone 13/14/15/16 

Trả góp 0% lãi suất, MIỄN PHÍ chuyển đổi kì hạn 3 - 6 tháng qua thẻ tín dụng";https://fptshop.com.vn/smartwatch/apple-watch-se-3-gps-40mm-vien-nhom-day-cao-su;Apple_Watch_SE_3_GPS_40mm_Viền_nhôm_dây_cao_su_2025-11-23_15-11-49.png
Apple Watch Series 10 GPS + Cellular 42mm Viền nhôm Dây cao su cỡ S/M;Vàng Hồng;No;13290000;12790000;2025-11-23;"Khuyến mãi được hưởng

Giảm ngay 500,000đ áp dụng đến 24/11

Dây đeo giảm ngay 300,000đ khi mua kèm Apple Watch 


Trả góp 0%";"Khuyến mãi thanh toán

Xem tất cả

Giảm đến 1,000,000 đồng cho đơn hàng từ 3 triệu khi trả góp qua thẻ Techcombank MasterCard 

HSD: 31/01/2026";"Quà tặng và ưu đãi khác
Ưu đãi

Giảm thêm 400,000đ khi mua kèm iPhone 17 Series/iPhone Air và 1 số iPhone 13/14/15/16 

Trả góp 0% lãi suất, MIỄN PHÍ chuyển đổi kì hạn 3 - 6 tháng qua thẻ tín dụng 

HOÀN NGAY 100% phí chuyển đổi trả góp, trị giá lên đến 3.500.000 khi mở và thanh toán bằng TP Bank EVO";https://fptshop.com.vn/smartwatch/apple-watch-series-10-gps-cellular-41mm-vien-nhom-day-cao-su-co-sm;Apple_Watch_Series_10_GPS___Cellular_42mm_Viền_nhôm_Dây_cao_su_cỡ_S_M_2025-11-23_15-11-49.png
Apple Watch Series 10 GPS + Cellular 46mm Viền nhôm Dây cao su cỡ S/M;Bạc;No;14090000;13990000;2025-11-23;"Khuyến mãi được hưởng

Giảm ngay 100,000đ áp dụng đến 24/11

Dây đeo giảm ngay 300,000đ khi mua kèm Apple Watch 


Trả góp 0%";"Khuyến mãi thanh toán

Xem tất cả

Giảm đến 1,000,000 đồng cho đơn hàng từ 3 triệu khi trả góp qua thẻ Techcombank MasterCard 

HSD: 31/01/2026";"Quà tặng và ưu đãi khác
Ưu đãi

Giảm thêm 400,000đ khi mua kèm iPhone 17 Series/iPhone Air và 1 số iPhone 13/14/15/16 

Trả góp 0% lãi suất, MIỄN PHÍ chuyển đổi kì hạn 3 - 6 tháng qua thẻ tín dụng 

HOÀN NGAY 100% phí chuyển đổi trả góp, trị giá lên đến 3.500.000 khi mở và thanh toán bằng TP Bank EVO";https://fptshop.com.vn/smartwatch/apple-watch-series-10-gps-cellular-45mm-vien-nhom-day-cao-su-co-sm;Apple_Watch_Series_10_GPS___Cellular_46mm_Viền_nhôm_Dây_cao_su_cỡ_S_M_2025-11-23_15-11-50.png
Apple Watch Series 10 GPS + Cellular 42mm Viền nhôm Dây cao su cỡ S/M;Vàng Hồng;No;13290000;12790000;2025-11-23;"Khuyến mãi được hưởng

Giảm ngay 500,000đ áp dụng đến 24/11

Dây đeo giảm ngay 300,000đ khi mua kèm Apple Watch 


Trả góp 0%";"Khuyến mãi thanh toán

Xem tất cả

Giảm đến 1,000,000 đồng cho đơn hàng từ 3 triệu khi trả góp qua thẻ Techcombank MasterCard 

HSD: 31/01/2026";"Quà tặng và ưu đãi khác
Ưu đãi

Giảm thêm 400,000đ khi mua kèm iPhone 17 Series/iPhone Air và 1 số iPhone 13/14/15/16 

Trả góp 0% lãi suất, MIỄN PHÍ chuyển đổi kì hạn 3 - 6 tháng qua thẻ tín dụng 

HOÀN NGAY 100% phí chuyển đổi trả góp, trị giá lên đến 3.500.000 khi mở và thanh toán bằng TP Bank EVO";https://fptshop.com.vn/smartwatch/apple-watch-series-10-gps-cellular-41mm-vien-nhom-day-cao-su-co-sm;Apple_Watch_Series_10_GPS___Cellular_42mm_Viền_nhôm_Dây_cao_su_cỡ_S_M_2025-11-23_15-11-52.png
Apple Watch SE 3 GPS 44mm Viền nhôm dây cao su;Đen;Yes;7850000;7650000;2025-11-23;"Khuyến mãi được hưởng

Giảm ngay 200,000đ áp dụng đến 24/11

Dây đeo giảm ngay 300,000đ khi mua kèm Apple Watch 


Trả góp 0%";;"Quà tặng và ưu đãi khác
Ưu đãi

Giảm thêm 300,000đ khi mua kèm iPhone 17 Series/iPhone Air và 1 số iPhone 13/14/15/16 

Trả góp 0% lãi suất, MIỄN PHÍ chuyển đổi kì hạn 3 - 6 tháng qua thẻ tín dụng";https://fptshop.com.vn/smartwatch/apple-watch-se-3-gps-44mm-vien-nhom-day-cao-su;Apple_Watch_SE_3_GPS_44mm_Viền_nhôm_dây_cao_su_2025-11-23_15-11-54.png
Apple Watch SE 3 GPS 44mm Viền nhôm Ánh sao Dây cao su Ánh sao - S/M;Đen;Yes;7850000;7650000;2025-11-23;"Khuyến mãi được hưởng

Giảm ngay 200,000đ áp dụng đến 24/11

Dây đeo giảm ngay 300,000đ khi mua kèm Apple Watch 


Trả góp 0%";;"Quà tặng và ưu đãi khác
Ưu đãi

Giảm thêm 300,000đ khi mua kèm iPhone 17 Series/iPhone Air và 1 số iPhone 13/14/15/16 

Trả góp 0% lãi suất, MIỄN PHÍ chuyển đổi kì hạn 3 - 6 tháng qua thẻ tín dụng";https://fptshop.com.vn/smartwatch/apple-watch-se-3-gps-44mm-vien-nhom-day-cao-su;Apple_Watch_SE_3_GPS_44mm_Viền_nhôm_Ánh_sao_Dây_cao_su_Ánh_sao_-_S_M_2025-11-23_15-11-56.png
Apple Watch SE 3 GPS + Cellular 40mm Viền nhôm dây cao su;Ánh Sao;Yes;8490000;8490000;2025-11-23;"Khuyến mãi được hưởng

Dây đeo giảm ngay 300,000đ khi mua kèm Apple Watch 


Trả góp 0%";;"Quà tặng và ưu đãi khác
Ưu đãi

Giảm thêm 500,000đ khi mua kèm iPhone 17 Series/iPhone Air và 1 số iPhone 13/14/15/16 

Trả góp 0% lãi suất, MIỄN PHÍ chuyển đổi kì hạn 3 - 6 tháng qua thẻ tín dụng";https://fptshop.com.vn/smartwatch/apple-watch-se-3-gps-cellular-40mm-vien-nhom-day-cao-su;Apple_Watch_SE_3_GPS___Cellular_40mm_Viền_nhôm_dây_cao_su_2025-11-23_15-11-59.png
Apple Watch SE 3 GPS + Cellular 44mm Viền nhôm dây cao su;Đen;Yes;9350000;9350000;2025-11-23;"Khuyến mãi được hưởng

Dây đeo giảm ngay 300,000đ khi mua kèm Apple Watch 


Trả góp 0%";;"Quà tặng và ưu đãi khác
Ưu đãi

Giảm thêm 500,000đ khi mua kèm iPhone 17 Series/iPhone Air và 1 số iPhone 13/14/15/16 

Trả góp 0% lãi suất, MIỄN PHÍ chuyển đổi kì hạn 3 - 6 tháng qua thẻ tín dụng";https://fptshop.com.vn/smartwatch/apple-watch-se-3-gps-cellular-44mm-vien-nhom-day-cao-su;Apple_Watch_SE_3_GPS___Cellular_44mm_Viền_nhôm_dây_cao_su_2025-11-23_15-11-59.png
Apple Watch SE 3 GPS + Cellular 40mm Viền nhôm dây cao su;Ánh Sao;Yes;8490000;8490000;2025-11-23;"Khuyến mãi được hưởng

Dây đeo giảm ngay 300,000đ khi mua kèm Apple Watch 


Trả góp 0%";;"Quà tặng và ưu đãi khác
Ưu đãi

Giảm thêm 500,000đ khi mua kèm iPhone 17 Series/iPhone Air và 1 số iPhone 13/14/15/16 

Trả góp 0% lãi suất, MIỄN PHÍ chuyển đổi kì hạn 3 - 6 tháng qua thẻ tín dụng";https://fptshop.com.vn/smartwatch/apple-watch-se-3-gps-cellular-40mm-vien-nhom-day-cao-su;Apple_Watch_SE_3_GPS___Cellular_40mm_Viền_nhôm_dây_cao_su_2025-11-23_15-12-01.png
Apple Watch SE 3 GPS + Cellular 44mm Viền nhôm dây cao su;Đen;Yes;9350000;9350000;2025-11-23;"Khuyến mãi được hưởng

Dây đeo giảm ngay 300,000đ khi mua kèm Apple Watch 


Trả góp 0%";;"Quà tặng và ưu đãi khác
Ưu đãi

Giảm thêm 500,000đ khi mua kèm iPhone 17 Series/iPhone Air và 1 số iPhone 13/14/15/16 

Trả góp 0% lãi suất, MIỄN PHÍ chuyển đổi kì hạn 3 - 6 tháng qua thẻ tín dụng";https://fptshop.com.vn/smartwatch/apple-watch-se-3-gps-cellular-44mm-vien-nhom-day-cao-su;Apple_Watch_SE_3_GPS___Cellular_44mm_Viền_nhôm_dây_cao_su_2025-11-23_15-12-02.png
